mol,name,pKi,CSAR_exercise_number,crystal,Crystal designation,good crystal,Series,setup in 3D,Blinded_ID_ligand,Blinded_ID_crystal,Vertex name,canonical_smiles,BindingDB,ChemBL affinity,PDBID,CSAR pIC50,x-ray struc. (y/n),Crystal disposition
Clc1cc(cc(Cl)c1)-c1cnc(nc1-c1cc([nH]c1)C(=O)N[C@H](CO)c1ccccc1)N,erk000031,6.64,,yes,stop (2.6A),,series_1,yes,erk2_ligand_8,erk2_crystal_12,erk000031, Nc1ncc(c2cc(Cl)cc(Cl)c2)c(n1)c3c[nH]c(c3)C(=O)N[C@H](CO)c4ccccc4,,,,6.6399999,yes,Discard -fails metrics
O=C(NCc1c2c(ccc1)cccc2)c1[nH]cc(c1)-c1nc(ncc1C)NC,erk000036,7.24,,no,,,series_1,,erk_ligand_1141,,erk000036, CNc1ncc(C)c(n1)c2c[nH]c(c2)C(=O)NCc3cccc4ccccc34,,,,7.24,,
O=C(NCc1c2c(ccc1)cccc2)c1[nH]cc(c1)-c1nc(ncc1C)N,erk000037,6.22,,no,,,series_1,,erk_ligand_1221,,erk000037, Cc1cnc(N)nc1c2c[nH]c(c2)C(=O)NCc3cccc4ccccc34,,,,6.22,,
Fc1cc(ccc1F)CNC(=O)c1[nH]cc(c1)-c1nc(ncc1C)NCC,erk000038,6.62,,no,,,series_1,,erk_ligand_1257,,erk000038, CCNc1ncc(C)c(n1)c2c[nH]c(c2)C(=O)NCc3ccc(F)c(F)c3,,,,6.62,,
FC(F)(F)c1ccccc1CNC(=O)c1[nH]cc(c1)-c1nc(ncc1C)NCC,erk000039,5.34,3,no,,,series_1,yes,erk_ligand_1258,,erk000039, CCNc1ncc(C)c(n1)c2c[nH]c(c2)C(=O)NCc3ccccc3C(F)(F)F,,,,5.34,,
OC[C@@H](NC(=O)c1[nH]cc(c1)-c1nc(ncc1C)Nc1ccccc1)c1ccccc1,erk000040,8.4,,yes,stop (no data),3I5Z,series_1,,erk2_ligand_33,erk2_crystal_3,erk000040, Cc1cnc(Nc2ccccc2)nc1c3c[nH]c(c3)C(=O)N[C@H](CO)c4ccccc4,Ki = 670 nM,Ki = 670 nM,3I5Z,8.3999996,yes,
OC[C@@H](NC(=O)c1[nH]cc(c1)-c1nc(ncc1C)NCC)c1ccccc1,erk000041,8.52,,no,,,series_1,,erk_ligand_1021,,erk000041, CCNc1ncc(C)c(n1)c2c[nH]c(c2)C(=O)N[C@H](CO)c3ccccc3,,,,8.52,,
FC(F)(F)c1cc(ccc1)CNC(=O)c1[nH]cc(c1)-c1nc(ncc1C)NC,erk000042,6.33,,no,,,series_1,,erk_ligand_1077,,erk000042, CNc1nc(c(C)c[nH+]1)c2c[nH]c(c2)C(=O)NCc3cccc(c3)C(F)(F)F,,,,6.33,,
FC(F)(F)c1cc(ccc1)CNC(=O)c1[nH]cc(c1)-c1nc(ncc1C)N,erk000043,6.25,,no,,,series_1,,erk_ligand_1066,,erk000043, Cc1cnc(N)nc1c2c[nH]c(c2)C(=O)NCc3cccc(c3)C(F)(F)F,,,,6.25,,
O=C(NCc1ccccc1)c1[nH]cc(c1)-c1nc(ncc1C)NC,erk000045,6.11,,no,,,series_1,,erk_ligand_1015,,erk000045, CNc1nc(c(C)c[nH+]1)c2c[nH]c(c2)C(=O)NCc3ccccc3,,,,6.11,,
OC[C@@H](NC(=O)c1[nH]cc(c1)-c1nc(ncc1C)NC)c1ccccc1,erk000046,7.23,,no,,,series_1,,erk_ligand_1250,,erk000046, CNc1nc(c(C)c[nH+]1)c2c[nH]c(c2)C(=O)N[C@H](CO)c3ccccc3,,,,7.23,,
O=C(NCc1ccccc1)c1[nH]cc(c1)-c1nc(ncc1C)NCC,erk000047,7.05,,no,,,series_1,,erk_ligand_1038,,erk000047, CCNc1ncc(C)c(n1)c2c[nH]c(c2)C(=O)NCc3ccccc3,,,,7.05,,
OC[C@H](NC(=O)c1[nH]cc(c1)-c1nc(ncc1C)NCC)c1ccccc1,erk000048,4.89,,no,,,series_1,,erk_ligand_1232,,erk000048, CCNc1ncc(C)c(n1)c2c[nH]c(c2)C(=O)N[C@@H](CO)c3ccccc3,,,,4.89,,
O1c2cc(ccc2OC1)CNC(=O)c1[nH]cc(c1)-c1nc(ncc1)Nc1ccccc1,erk000049,6.57,,no,,,series_1,,erk_ligand_1251,,erk000049, O=C(NCc1ccc2OCOc2c1)c3cc(c[nH]3)c4ccnc(Nc5ccccc5)n4,,,,6.57,,
Clc1cc(Cl)ccc1CNC(=O)c1[nH]cc(c1)-c1nc(ncc1C)NC,erk000054,5.7,,no,,,series_1,,erk_ligand_1053,,erk000054, CNc1nc(c(C)c[nH+]1)c2c[nH]c(c2)C(=O)NCc3ccc(Cl)cc3Cl,,,,5.7,,
Clc1cc(Cl)ccc1CNC(=O)c1[nH]cc(c1)-c1nc(ncc1C)N,erk000055,5.17,,no,,,series_1,,erk_ligand_1191,,erk000055, Cc1cnc(N)nc1c2c[nH]c(c2)C(=O)NCc3ccc(Cl)cc3Cl,,,,5.17,,
Fc1cc(ccc1F)CNC(=O)c1[nH]cc(c1)-c1nc(ncc1C)NC,erk000056,5.43,,no,,,series_1,,erk_ligand_1023,,erk000056, CNc1nc(c(C)c[nH+]1)c2c[nH]c(c2)C(=O)NCc3ccc(F)c(F)c3,,,,5.43,,
O=C(N1CCc2c(C1)cccc2)c1[nH]cc(c1)-c1nc(ncc1)Nc1ccccc1,erk000057,6.28,,no,,,series_1,,erk_ligand_1218,,erk000057, O=C(N1CCc2ccccc2C1)c3cc(c[nH]3)c4ccnc(Nc5ccccc5)n4,,,,6.28,,
O=C(N1CCc2c(C1)cccc2)c1[nH]cc(c1)-c1nc(ncc1C)NCC,erk000058,5.8,,no,,,series_1,,erk_ligand_1114,,erk000058, CCNc1ncc(C)c(n1)c2c[nH]c(c2)C(=O)N3CCc4ccccc4C3,,,,5.8,,
O=C(N(Cc1ccccc1)C)c1[nH]cc(c1)-c1nc(ncc1)Nc1ccccc1,erk000059,6.52,,no,,,series_1,,erk_ligand_1262,,erk000059, CN(Cc1ccccc1)C(=O)c2cc(c[nH]2)c3ccnc(Nc4ccccc4)n3,,,,6.52,,
OC[C@@H](NC(=O)c1[nH]cc(c1)-c1nc(ncc1CC)NCC)c1ccccc1,erk000060,6.92,,no,,,series_1,,erk_ligand_1164,,erk000060, CCNc1ncc(CC)c(n1)c2c[nH]c(c2)C(=O)N[C@H](CO)c3ccccc3,,,,6.92,,
FC(F)(F)c1cc(ccc1)CNC(=O)c1[nH]cc(c1)-c1nc(ncc1C)NCC,erk000062,6.85,,no,,,series_1,,erk_ligand_1110,,erk000062, CCNc1ncc(C)c(n1)c2c[nH]c(c2)C(=O)NCc3cccc(c3)C(F)(F)F,,,,6.85,,
OC[C@@H](NC(=O)c1[nH]cc(c1)-c1nc(ncc1CC)N)c1ccccc1,erk000065,6.54,,no,,,series_1,,erk_ligand_1104,,erk000065, CCc1cnc(N)nc1c2c[nH]c(c2)C(=O)N[C@H](CO)c3ccccc3,,,,6.54,,
O1c2cc(ccc2OC1)CNC(=O)c1[nH]cc(c1)-c1nc(ncc1C)N,erk000066,6.85,,no,,,series_1,,erk_ligand_1167,,erk000066, Cc1cnc(N)nc1c2c[nH]c(c2)C(=O)NCc3ccc4OCOc4c3,,,,6.85,,
OC[C@@H](NC(=O)c1[nH]cc(c1)-c1nc(ncc1)N)c1ccccc1,erk000067,6.49,,no,,,series_1,,erk_ligand_1206,,erk000067, Nc1nccc(n1)c2c[nH]c(c2)C(=O)N[C@H](CO)c3ccccc3,,,,6.49,,
OC[C@@H](NC(=O)c1[nH]cc(c1)-c1nc(ncc1)NCC)c1ccccc1,erk000068,7,,yes,stop (no data),,series_1,yes,erk2_ligand_13,erk2_crystal_32,erk000068, CCNc1nccc(n1)c2c[nH]c(c2)C(=O)N[C@H](CO)c3ccccc3,,,,7,yes,Discard -fails metrics
O=C(NCc1c2c(ccc1)cccc2)c1[nH]cc(c1)-c1nc(ncc1CC)N,erk000070,5.96,5,no,,,series_1,yes,erk_ligand_1248,,erk000070, CCc1cnc(N)nc1c2c[nH]c(c2)C(=O)NCc3cccc4ccccc34,,,,5.96,,
Clc1ccc(cc1)-c1n[nH]c2c1CCCC2,erk000071,5.28,36,yes,GO (2.0A),good,series_3,yes,erk2_ligand_2,erk2_crystal_23,erk000071, Clc1ccc(cc1)c2n[nH]c3CCCCc23,,,,5.2800002,yes,PDB
o1nc(c(-c2nc(ncc2)NC2CCC(O)CC2)c1C)-c1ccccc1,erk000075,6,24,yes,GO,good,series_2,yes,erk2_ligand_10,erk2_crystal_5,erk000075, Cc1onc(c2ccccc2)c1c3ccnc(NC4CCC(O)CC4)n3,,,,6,yes,CSAR
o1nc(c(-c2nn(cc2)C(=O)NC(C)C)c1C)-c1ccccc1,erk000088,4.82,21,yes,stop (no data),,series_2,yes,erk2_ligand_9,erk2_crystal_11,erk000088, CC(C)NC(=O)n1ccc(n1)c2c(C)onc2c3ccccc3,,,,4.8200002,yes,Discard -fails metrics
Clc1cc(ccc1)-c1cn[nH]c1-c1cc([nH]c1)C(=O)NCc1ccccc1,erk000092,7.07,30,yes,,,series_2,yes,erk2_ligand_28,erk2_crystal_16,erk000092, Clc1cccc(c1)c2cn[nH]c2c3c[nH]c(c3)C(=O)NCc4ccccc4,,,,7.0700002,yes,Discard - poor ligand density
O=C(NCc1ccccc1)c1[nH]cc(c1)-c1nc(ncc1C)N,erk000103,6.08,,yes,stop (2.7A),,series_1,yes,erk2_ligand_17,erk2_crystal_28,erk000103, Cc1cnc(N)nc1c2c[nH]c(c2)C(=O)NCc3ccccc3,,,,6.0799999,yes,Discard -fails metrics
Clc1cc(cc(Cl)c1)-c1cn[nH]c1-c1cc([nH]c1)C(=O)NCc1ccncc1,erk000114,7.1,31,yes,,,series_2,yes,erk2_ligand_14,erk2_crystal_10,erk000114, Clc1cc(Cl)cc(c1)c2cn[nH]c2c3c[nH]c(c3)C(=O)NCc4ccncc4,,,,7.0999999,yes,Discard - poor ligand density
Clc1cc(cc(Cl)c1)-c1cn[nH]c1-c1cc([nH]c1)C(=O)N1CCOCC1,erk000124,6.09,25,yes,GO,good,series_2,yes,erk2_ligand_25,erk2_crystal_1,erk000124, Clc1cc(Cl)cc(c1)c2cn[nH]c2c3c[nH]c(c3)C(=O)N4CCOCC4,,,,6.0900002,yes,CSAR
Fc1ccc(cc1)-c1n[nH]cc1-c1cc(ncc1)NC1CCCCC1,erk000125,5.59,27,yes,,,series_2,yes,erk2_ligand_4,erk2_crystal_25,erk000125, Fc1ccc(cc1)c2n[nH]cc2c3ccnc(NC4CCCCC4)c3,,,,5.5900002,yes,CSAR
Clc1cc(ccc1F)-c1cn[nH]c1-c1cc([nH]c1)C(=O)N(CC)C,erk000142,6.6,28,yes,,,series_2,yes,erk2_ligand_22,erk2_crystal_29,erk000142, CCN(C)C(=O)c1cc(c[nH]1)c2[nH]ncc2c3ccc(F)c(Cl)c3,,,,6.5999999,yes,Discard -fails metrics
FC(F)(F)c1cc(ccc1)-c1cn[nH]c1-c1cc([nH]c1)C(=O)N[C@H](CO)c1ccccc1,erk000184,7.08,26,yes,GO,good,series_2,yes,erk2_ligand_23,erk2_crystal_18,erk000184, OC[C@@H](NC(=O)c1cc(c[nH]1)c2[nH]ncc2c3cccc(c3)C(F)(F)F)c4ccccc4,,,,7.0799999,yes,CSAR
Clc1cccc(Cl)c1C1=Cc2c(nc(nc2)Nc2ccc(OCC[NH+](CC)CC)cc2)N(C)C1=O,erk000225,6.76,35,yes,GO (2.3A),good,series_3,yes,erk2_ligand_5,erk2_crystal_9,erk000225, CC[NH+](CC)CCOc1ccc(Nc2ncc3C=C(C(=O)N(C)c3n2)c4c(Cl)cccc4Cl)cc1,,,,6.7600002,yes,Discard - poor ligand density
Clc1cc(ccc1)-c1cn[nH]c1-c1cc([nH]c1)C(=O)NCc1cc2CCOc2cc1,erk000232,7.68,33,yes,,,series_2,yes,erk2_ligand_11,erk2_crystal_8,erk000232, Clc1cccc(c1)c2cn[nH]c2c3c[nH]c(c3)C(=O)NCc4ccc5OCCc5c4,,,,7.6799998,yes,CSAR
Ic1cc(ccc1)-c1nc([nH]c1-c1ccncc1)-c1ccc(S(=O)C)cc1,erk000253,4.89,38,yes,GO (1.9A),good,series_3,yes,erk2_ligand_32,erk2_crystal_17,erk000253, CS(=O)c1ccc(cc1)c2[nH+]c(c3cccc(I)c3)c([nH]2)c4ccncc4,,,,4.8899999,yes,Discard - poor ligand density
FC(F)(F)c1cc(ccc1C[NH3+])-c1cn[nH]c1-c1cc([nH]c1)C(=O)NCc1cc2CCOc2cc1,erk000282,6.72,29,yes,,,series_2,yes,erk2_ligand_31,erk2_crystal_14,erk000282, NCc1ccc(cc1C(F)(F)F)c2cn[nH]c2c3c[nH]c(c3)C(=O)NCc4ccc5OCCc5c4,,,,6.7199998,yes,PDB
[nH]1nc(cc1Nc1nc(nc2c1cccc2)N1CCC(CC1)C)C1CC1,erk000284,7.19,,yes,,,series_3,yes,erk2_ligand_24,erk2_crystal_22,erk000284, CC1CCN(CC1)c2nc(Nc3cc([nH+][nH]3)C4CC4)c5ccccc5n2,,,,7.1900001,yes,Discard -fails metrics
Fc1cc(ccc1F)CNC(=O)c1[nH]cc(c1)-c1nc(ncc1C)N,erk000286,7.32,,no,,,series_1,,erk_ligand_1132,,erk000286, Cc1cnc(N)nc1c2c[nH]c(c2)C(=O)NCc3ccc(F)c(F)c3,,,,7.32,,
OC[C@@H](NC(=O)c1[nH]cc(c1)-c1nc(ncc1C)N)c1ccccc1,erk000287,5.72,,no,,,series_1,,erk_ligand_1101,,erk000287, Cc1cnc(N)nc1c2c[nH]c(c2)C(=O)N[C@H](CO)c3ccccc3,,,,5.72,,
Clc1ccc(cc1)CNC(=O)c1[nH]cc(c1)-c1nc(ncc1C)N,erk000302,6.21,,no,,,series_1,,erk_ligand_1060,,erk000302, Cc1cnc(N)nc1c2c[nH]c(c2)C(=O)NCc3ccc(Cl)cc3,,,,6.21,,
Clc1cc(ccc1)CNC(=O)c1[nH]cc(c1)-c1nc(ncc1C)N,erk000303,7.09,,no,,,series_1,,erk_ligand_1004,,erk000303, Cc1cnc(N)nc1c2c[nH]c(c2)C(=O)NCc3cccc(Cl)c3,,,,7.09,,
Clc1cc(ccc1F)CNC(=O)c1[nH]cc(c1)-c1nc(ncc1C)N,erk000304,6.43,,no,,,series_1,,erk_ligand_1049,,erk000304, Cc1cnc(N)nc1c2c[nH]c(c2)C(=O)NCc3ccc(F)c(Cl)c3,,,,6.43,,
OCC[C@H](NC(=O)c1[nH]cc(c1)-c1nc(ncc1C)N)c1ccccc1,erk000305,5.81,,no,,,series_1,,erk_ligand_1149,,erk000305, Cc1cnc(N)nc1c2c[nH]c(c2)C(=O)N[C@@H](CCO)c3ccccc3,,,,5.81,,
OCC[C@@H](NC(=O)c1[nH]cc(c1)-c1nc(ncc1C)N)c1ccccc1,erk000306,4.8,1,no,,,series_1,yes,erk_ligand_1032,,erk000306, Cc1cnc(N)nc1c2c[nH]c(c2)C(=O)N[C@H](CCO)c3ccccc3,,,,4.8,,
Fc1cc(ccc1F)CNC(=O)c1[nH]cc(c1)-c1nc(ncc1C)NC1CCCCC1,erk000310,7.15,,no,,,series_1,,erk_ligand_1027,,erk000310, Cc1cnc(NC2CCCCC2)nc1c3c[nH]c(c3)C(=O)NCc4ccc(F)c(F)c4,,,,7.15,,
Fc1ccccc1CNC(=O)c1[nH]cc(c1)-c1nc(ncc1C)N,erk000311,5.32,,no,,,series_1,,erk_ligand_1093,,erk000311, Cc1cnc(N)nc1c2c[nH]c(c2)C(=O)NCc3ccccc3F,,,,5.32,,
O(C)c1ccccc1CNC(=O)c1[nH]cc(c1)-c1nc(ncc1C)N,erk000312,5.6,,no,,,series_1,,erk_ligand_1100,,erk000312, COc1ccccc1CNC(=O)c2cc(c[nH]2)c3nc(N)ncc3C,,,,5.6,,
Clc1cc(ccc1F)CNC(=O)c1n(cc(c1)-c1nc(ncc1C)N)Cc1ccccc1,erk000317,4.96,2,no,,,series_1,yes,erk_ligand_1051,,erk000317, Cc1cnc(N)nc1c2cc(C(=O)NCc3ccc(F)c(Cl)c3)n(Cc4ccccc4)c2,,,,4.96,,
OC[C@@H](NC(=O)c1n(cc(c1)-c1nc(ncc1C)N)Cc1ccccc1)c1ccccc1,erk000319,5.4,,no,,,series_1,,erk_ligand_1056,,erk000319, Cc1cnc(N)nc1c2cc(C(=O)N[C@H](CO)c3ccccc3)n(Cc4ccccc4)c2,,,,5.4,,
Fc1cc(ccc1F)CNC(=O)c1n(cc(c1)-c1nc(ncc1C)N)C,erk000327,5.46,,no,,,series_1,,erk_ligand_1175,,erk000327, Cc1cnc(N)nc1c2cc(C(=O)NCc3ccc(F)c(F)c3)n(C)c2,,,,5.46,,
Fc1cc(ccc1F)CNC(=O)c1[nH]cc(c1)-c1nc(ncc1C)NCC[NH+](CC)CC,erk000364,5.4,,no,,,series_1,,erk_ligand_1260,,erk000364, CC[NH+](CC)CCNc1ncc(C)c(n1)c2c[nH]c(c2)C(=O)NCc3ccc(F)c(F)c3,,,,5.4,,
O=C(NCc1ccccc1)c1[nH]cc(c1)-c1nc(ncc1C)Nc1nc(nc2c1cccc2)N1CCCCC1,erk000377,5.68,,no,,,series_1,,erk_ligand_1177,,erk000377, Cc1cnc(Nc2nc(nc3ccccc23)N4CCCCC4)nc1c5c[nH]c(c5)C(=O)NCc6ccccc6,,,,5.68,,
Clc1cc(ccc1C[NH2+]CC(OCC)=O)-c1cn[nH]c1-c1cc([nH]c1)C(=O)N[C@H](CO)c1cc(Cl)c(F)cc1,erk000391,7.74,22,yes,GO (2.2A),good,series_2,yes,erk2_ligand_26,erk2_crystal_27,erk000391, CCOC(=O)CNCc1ccc(cc1Cl)c2cn[nH]c2c3c[nH]c(c3)C(=O)N[C@H](CO)c4ccc(F)c(Cl)c4,,,,7.7399998,yes,CSAR
Clc1cc(ccc1F)CNC(=O)c1[nH]cc(c1)-c1nc(ncc1C)NC,erk000393,6.55,,no,,,series_1,,erk_ligand_1255,,erk000393, CNc1nc(c(C)c[nH+]1)c2c[nH]c(c2)C(=O)NCc3ccc(F)c(Cl)c3,,,,6.55,,
Clc1cc(ccc1F)[C@@H](NC(=O)c1[nH]cc(c1)-c1nc(ncc1C)NC)CO,erk000396,7.17,,no,,,series_1,,erk_ligand_1240,,erk000396, CNc1ncc(C)c(n1)c2c[nH]c(c2)C(=O)N[C@@H](CO)c3ccc(F)c(Cl)c3,,,,7.17,,
Clc1cc(ccc1F)[C@@H](NC(=O)c1[nH]cc(c1)-c1nc(ncc1C)Nc1ccccc1)CO,erk000397,8.4,,no,,,series_1,,erk_ligand_1112,,erk000397, Cc1cnc(Nc2ccccc2)nc1c3c[nH]c(c3)C(=O)N[C@@H](CO)c4ccc(F)c(Cl)c4,,,,8.4,,
Clc1cc(ccc1F)CNC(=O)c1[nH]cc(c1)-c1nc(ncc1C)Nc1ccccc1,erk000398,7.6,,no,,,series_1,,erk_ligand_1094,,erk000398, Cc1cnc(Nc2ccccc2)nc1c3c[nH]c(c3)C(=O)NCc4ccc(F)c(Cl)c4,,,,7.6,,
OC[C@@H](NC(=O)c1[nH]cc(c1)-c1nc(ncc1C1CC1)Nc1ccccc1)c1ccccc1,erk000434,6.38,,no,,,series_1,,erk_ligand_1261,,erk000434, OC[C@@H](NC(=O)c1cc(c[nH]1)c2nc(Nc3ccccc3)ncc2C4CC4)c5ccccc5,,,,6.38,,
Fc1cc(ccc1C)[C@H](NC(=O)c1[nH]cc(c1)-c1nc(ncc1C)Nc1ccccc1)CO,erk000435,8.7,,no,,,series_1,,erk_ligand_1200,,erk000435, Cc1ccc(cc1F)[C@@H](CO)NC(=O)c2cc(c[nH]2)c3nc(Nc4ccccc4)ncc3C,,,,8.7,,
Fc1cc(ccc1C)[C@H](NC(=O)c1[nH]cc(c1)-c1nc(ncc1C)Nc1cc(F)ccc1)CO,erk000436,8.22,,no,,,series_1,,erk_ligand_1211,,erk000436, Cc1ccc(cc1F)[C@@H](CO)NC(=O)c2cc(c[nH]2)c3nc(Nc4cccc(F)c4)ncc3C,,,,8.22,,
FC(F)(F)c1cc(Nc2nc(-c3cc([nH]c3)C(=O)N[C@H](CO)c3ccccc3)c(cn2)C)ccc1,erk000438,8.7,,no,,,series_1,,erk_ligand_1125,,erk000438, Cc1cnc(Nc2cccc(c2)C(F)(F)F)nc1c3c[nH]c(c3)C(=O)N[C@H](CO)c4ccccc4,,,,8.7,,
OC[C@@H](NC(=O)c1[nH]cc(c1)-c1nc(ncc1C)NCc1ccccc1)c1ccccc1,erk000439,7.85,,no,,,series_1,,erk_ligand_1176,,erk000439, Cc1cnc(NCc2ccccc2)nc1c3c[nH]c(c3)C(=O)N[C@H](CO)c4ccccc4,,,,7.85,,
FC(F)(F)c1cc(ccc1)CNC(=O)c1[nH]cc(c1)-c1nc(ncc1C)Nc1cc(C)c(cc1)C,erk000440,7.55,11,no,,,series_1,yes,erk_ligand_1076,,erk000440, Cc1ccc(Nc2ncc(C)c(n2)c3c[nH]c(c3)C(=O)NCc4cccc(c4)C(F)(F)F)cc1C,,,,7.55,,
OC[C@@H](NC(=O)c1[nH]cc(c1)-c1nc(ncc1C)Nc1cc(C)c(cc1)C)c1ccccc1,erk000441,8.7,,no,,,series_1,,erk_ligand_1035,,erk000441, Cc1ccc(Nc2ncc(C)c(n2)c3c[nH]c(c3)C(=O)N[C@H](CO)c4ccccc4)cc1C,,,,8.7,,
O(Cc1ccccc1)c1ccc(Nc2nc(-c3cc([nH]c3)C(=O)N[C@H](CO)c3ccccc3)c(cn2)C)cc1,erk000442,8.52,,no,,,series_1,,erk_ligand_1238,,erk000442, Cc1cnc(Nc2ccc(OCc3ccccc3)cc2)nc1c4c[nH]c(c4)C(=O)N[C@H](CO)c5ccccc5,,,,8.52,,
FC(F)(F)CNc1nc(-c2cc([nH]c2)C(=O)N[C@H](CO)c2ccccc2)c(cn1)C,erk000444,8.3,,no,,,series_1,,erk_ligand_1013,,erk000444, Cc1cnc(NCC(F)(F)F)nc1c2c[nH]c(c2)C(=O)N[C@H](CO)c3ccccc3,,,,8.3,,
OC[C@@H](Nc1nc(-c2cc([nH]c2)C(=O)N[C@H](CO)c2ccccc2)c(cn1)C)c1ccccc1,erk000445,9,,yes,,,series_1,yes,erk2_ligand_19,erk2_crystal_24,erk000445, Cc1cnc(N[C@H](CO)c2ccccc2)nc1c3c[nH]c(c3)C(=O)N[C@H](CO)c4ccccc4,,,,9,yes,Discard -fails metrics
O(C)c1ccccc1Nc1nc(-c2cc([nH]c2)C(=O)N[C@H](CO)c2ccccc2)c(cn1)C,erk000446,7.17,,no,,,series_1,,erk_ligand_1247,,erk000446, COc1ccccc1Nc2ncc(C)c(n2)c3c[nH]c(c3)C(=O)N[C@H](CO)c4ccccc4,,,,7.17,,
FC(F)(F)Oc1ccc(Nc2nc(-c3cc([nH]c3)C(=O)N[C@H](CO)c3ccccc3)c(cn2)C)cc1,erk000447,8.7,,no,,,series_1,,erk_ligand_1188,,erk000447, Cc1cnc(Nc2ccc(OC(F)(F)F)cc2)nc1c3c[nH]c(c3)C(=O)N[C@H](CO)c4ccccc4,,,,8.7,,
OC[C@@H](NC(=O)c1[nH]cc(c1)-c1nc(ncc1C)NCC(C)C)c1ccccc1,erk000448,8.52,,no,,,series_1,,erk_ligand_1067,,erk000448, CC(C)CNc1ncc(C)c(n1)c2c[nH]c(c2)C(=O)N[C@H](CO)c3ccccc3,,,,8.52,,
OC[C@@H](NC(=O)c1[nH]cc(c1)-c1nc(ncc1C)NCC1CC1)c1ccccc1,erk000453,8.3,,no,,,series_1,,erk_ligand_1229,,erk000453, Cc1c[nH+]c(NCC2CC2)nc1c3c[nH]c(c3)C(=O)N[C@H](CO)c4ccccc4,,,,8.3,,
OCC[C@H](NC(=O)c1[nH]cc(c1)-c1nc(ncc1C)NCC)c1ccccc1,erk000459,6.3,,no,,,series_1,,erk_ligand_1243,,erk000459, CCNc1ncc(C)c(n1)c2c[nH]c(c2)C(=O)N[C@@H](CCO)c3ccccc3,,,,6.3,,
OCC1(Nc2nc(-c3cc([nH]c3)C(=O)N[C@H](CO)c3ccccc3)c(cn2)C)CC1,erk000460,9,,no,,,series_1,,erk_ligand_1010,,erk000460, Cc1cnc(NC2(CO)CC2)nc1c3c[nH]c(c3)C(=O)N[C@H](CO)c4ccccc4,,,,9,,
OCCNc1nc(-c2cc([nH]c2)C(=O)N[C@H](CO)c2ccccc2)c(cn1)C,erk000461,7.77,12,no,,,series_1,yes,erk_ligand_1199,,erk000461, Cc1c[nH+]c(NCCO)nc1c2c[nH]c(c2)C(=O)N[C@H](CO)c3ccccc3,,,,7.77,,
OC[C@@H](NC(=O)c1[nH]cc(c1)-c1nc(ncc1C)N[C@@H](CO)C)c1ccccc1,erk000462,7.85,,no,,,series_1,,erk_ligand_1078,,erk000462, C[C@H](CO)Nc1ncc(C)c(n1)c2c[nH]c(c2)C(=O)N[C@H](CO)c3ccccc3,,,,7.85,,
OC[C@@H](NC(=O)c1[nH]cc(c1)-c1nc(ncc1C)NC[C@H](O)C)c1ccccc1,erk000463,7.57,,no,,,series_1,,erk_ligand_1147,,erk000463, C[C@@H](O)CNc1nc(c(C)c[nH+]1)c2c[nH]c(c2)C(=O)N[C@H](CO)c3ccccc3,,,,7.57,,
OC[C@@H](NC(=O)c1[nH]cc(c1)-c1nc(ncc1C)NC[C@@H](O)C)c1ccccc1,erk000464,7.43,,no,,,series_1,,erk_ligand_1070,,erk000464, C[C@H](O)CNc1nc(c(C)c[nH+]1)c2c[nH]c(c2)C(=O)N[C@H](CO)c3ccccc3,,,,7.43,,
O[C@@H]1CCCC[C@@H]1Nc1nc(-c2cc([nH]c2)C(=O)N[C@H](CO)c2ccccc2)c(cn1)C,erk000465,8.15,,no,,,series_1,,erk_ligand_1193,,erk000465, Cc1cnc(N[C@H]2CCCC[C@H]2O)nc1c3c[nH]c(c3)C(=O)N[C@H](CO)c4ccccc4,,,,8.15,,
O(C(=O)[C@@H](NC(=O)c1[nH]cc(c1)-c1nc(ncc1C)NCC)c1ccccc1)C,erk000470,6,,no,,,series_1,,erk_ligand_1263,,erk000470, CCNc1ncc(C)c(n1)c2c[nH]c(c2)C(=O)N[C@H](C(=O)OC)c3ccccc3,,,,6,,
OC[C@@H](NC(=O)c1[nH]cc(c1)-c1nc(ncc1C)N[C@H](CO)C)c1ccccc1,erk000471,7.82,,no,,,series_1,,erk_ligand_1054,,erk000471, C[C@@H](CO)Nc1ncc(C)c(n1)c2c[nH]c(c2)C(=O)N[C@H](CO)c3ccccc3,,,,7.82,,
Fc1ccccc1CNC(=O)c1[nH]cc(c1)-c1nc(ncc1C)NCC,erk000473,6.1,,no,,,series_1,,erk_ligand_1237,,erk000473, CCNc1ncc(C)c(n1)c2c[nH]c(c2)C(=O)NCc3ccccc3F,,,,6.1,,
Fc1cc(ccc1)CNC(=O)c1[nH]cc(c1)-c1nc(ncc1C)NCC,erk000474,7.08,,no,,,series_1,,erk_ligand_1011,,erk000474, CCNc1ncc(C)c(n1)c2c[nH]c(c2)C(=O)NCc3cccc(F)c3,,,,7.08,,
O(C)c1ccccc1CNC(=O)c1[nH]cc(c1)-c1nc(ncc1C)NCC,erk000475,6.33,,no,,,series_1,,erk_ligand_1157,,erk000475, CCNc1ncc(C)c(n1)c2c[nH]c(c2)C(=O)NCc3ccccc3OC,,,,6.33,,
O(C)c1cc(ccc1)CNC(=O)c1[nH]cc(c1)-c1nc(ncc1C)NCC,erk000476,7.28,,no,,,series_1,,erk_ligand_1254,,erk000476, CCNc1ncc(C)c(n1)c2c[nH]c(c2)C(=O)NCc3cccc(OC)c3,,,,7.28,,
Fc1cc(cc(c1)[C@@H](NC(=O)c1[nH]cc(c1)-c1nc(ncc1C)NCC)CO)C(F)(F)F,erk000478,6.92,,no,,,series_1,,erk_ligand_1068,,erk000478, CCNc1ncc(C)c(n1)c2c[nH]c(c2)C(=O)N[C@@H](CO)c3cc(F)cc(c3)C(F)(F)F,,,,6.92,,
Fc1cc(ccc1)[C@@H](NC(=O)c1[nH]cc(c1)-c1nc(ncc1C)NCC)CO,erk000479,8.05,,no,,,series_1,,erk_ligand_1098,,erk000479, CCNc1ncc(C)c(n1)c2c[nH]c(c2)C(=O)N[C@@H](CO)c3cccc(F)c3,,,,8.05,,
Oc1ccccc1CNC(=O)c1[nH]cc(c1)-c1nc(ncc1C)NCC,erk000480,5.82,,no,,,series_1,,erk_ligand_1174,,erk000480, CCNc1ncc(C)c(n1)c2c[nH]c(c2)C(=O)NCc3ccccc3O,,,,5.82,,
Oc1cc(ccc1)CNC(=O)c1[nH]cc(c1)-c1nc(ncc1C)NCC,erk000484,7.17,,no,,,series_1,,erk_ligand_1041,,erk000484, CCNc1ncc(C)c(n1)c2c[nH]c(c2)C(=O)NCc3cccc(O)c3,,,,7.17,,
Oc1cc(ccc1O)CNC(=O)c1[nH]cc(c1)-c1nc(ncc1C)NCC,erk000485,6.37,8,no,,,series_1,yes,erk_ligand_1140,,erk000485, CCNc1ncc(C)c(n1)c2c[nH]c(c2)C(=O)NCc3ccc(O)c(O)c3,,,,6.37,,
Fc1ccccc1[C@@H](NC(=O)c1[nH]cc(c1)-c1nc(ncc1C)NCC)CO,erk000486,6.64,,no,,,series_1,,erk_ligand_1236,,erk000486, CCNc1ncc(C)c(n1)c2c[nH]c(c2)C(=O)N[C@@H](CO)c3ccccc3F,,,,6.64,,
OC[C@@H](NC(=O)c1[nH]cc(c1)-c1nc(ncc1C)N[C@H](CC1CC1)CO)c1ccccc1,erk000487,8.4,,no,,,series_1,,erk_ligand_1196,,erk000487, Cc1cnc(N[C@@H](CO)CC2CC2)nc1c3c[nH]c(c3)C(=O)N[C@H](CO)c4ccccc4,,,,8.4,,
OC[C@@H](NC(=O)c1[nH]cc(c1)-c1nc(ncc1C)N[C@@H](C(C)C)CO)c1ccccc1,erk000488,7.85,,no,,,series_1,,erk_ligand_1181,,erk000488, CC(C)[C@@H](CO)Nc1ncc(C)c(n1)c2c[nH]c(c2)C(=O)N[C@H](CO)c3ccccc3,,,,7.85,,
O=C(N[C@@H](C(=O)C)c1ccccc1)c1[nH]cc(c1)-c1nc(ncc1C)NCC,erk000489,5.72,,no,,,series_1,,erk_ligand_1017,,erk000489, CCNc1ncc(C)c(n1)c2c[nH]c(c2)C(=O)N[C@@H](C(=O)C)c3ccccc3,,,,5.72,,
FC(F)(F)c1cc(ccc1)[C@H](NC(=O)c1[nH]cc(c1)-c1nc(ncc1C)NCC)CO,erk000491,7.89,,no,,,series_1,,erk_ligand_1043,,erk000491, CCNc1ncc(C)c(n1)c2c[nH]c(c2)C(=O)N[C@H](CO)c3cccc(c3)C(F)(F)F,,,,7.89,,
FC(F)(F)c1cc(ccc1)[C@H](NC(=O)c1[nH]cc(c1)-c1nc(ncc1C)NC1CC1)CO,erk000492,8.7,,no,,,series_1,,erk_ligand_1014,,erk000492, Cc1cnc(NC2CC2)nc1c3c[nH]c(c3)C(=O)N[C@H](CO)c4cccc(c4)C(F)(F)F,,,,8.7,,
O(Nc1nc(-c2cc([nH]c2)C(=O)N[C@H](CO)c2ccccc2)c(cn1)C)C,erk000493,7.54,,no,,,series_1,,erk_ligand_1222,,erk000493, CONc1ncc(C)c(n1)c2c[nH]c(c2)C(=O)N[C@H](CO)c3ccccc3,,,,7.54,,
O(Nc1nc(-c2cc([nH]c2)C(=O)N[C@H](CO)c2ccccc2)c(cn1)C)C(C)C,erk000494,8,,no,,,series_1,,erk_ligand_1154,,erk000494, CC(C)ONc1ncc(C)c(n1)c2c[nH]c(c2)C(=O)N[C@H](CO)c3ccccc3,,,,8,,
OC[C@@H](NC(=O)c1[nH]cc(c1)-c1nc(ncc1C)NC(=O)C)c1ccccc1,erk000496,7.49,,no,,,series_1,,erk_ligand_1062,,erk000496, CC(=O)Nc1ncc(C)c(n1)c2c[nH]c(c2)C(=O)N[C@H](CO)c3ccccc3,,,,7.49,,
O1CCC[C@@H]1CNc1nc(-c2cc([nH]c2)C(=O)N[C@H](CO)c2ccccc2)c(cn1)C,erk000497,7.85,,no,,,series_1,,erk_ligand_1082,,erk000497, Cc1c[nH+]c(NC[C@H]2CCCO2)nc1c3c[nH]c(c3)C(=O)N[C@H](CO)c4ccccc4,,,,7.85,,
O(CC)C(=O)NNc1nc(-c2cc([nH]c2)C(=O)N[C@H](CO)c2ccccc2)c(cn1)C,erk000498,6.19,,no,,,series_1,,erk_ligand_1119,,erk000498, CCOC(=O)[N-]Nc1ncc(C)c(n1)c2c[nH]c(c2)C(=O)N[C@H](CO)c3ccccc3,,,,6.19,,
s1c(c2c(-c3nc(ncc3CC2)Nc2cc(O)ccc2)c1N(C)C)C#N,erk000499,7.4,39,yes,GO,good,series_3,yes,erk2_ligand_20,erk2_crystal_6,erk000499, CN(C)c1sc(C#N)c2CCc3cnc(Nc4cccc(O)c4)nc3c12,,,,7.4000001,yes,CSAR
O(Nc1nc(-c2cc([nH]c2)C(=O)N[C@H](CO)c2ccccc2)c(cn1)C)CC1CC1,erk000500,7.59,,no,,,series_1,,erk_ligand_1217,,erk000500, Cc1cnc(NOCC2CC2)nc1c3c[nH]c(c3)C(=O)N[C@H](CO)c4ccccc4,,,,7.59,,
OC[C@@H](NC(=O)c1[nH]cc(c1)-c1nc(ncc1C)-c1ccccc1)c1ccccc1,erk000501,7.7,19,yes,GO (2.4A),good,series_1,yes,erk2_ligand_6,erk2_crystal_19,erk000501, Cc1cnc(nc1c2c[nH]c(c2)C(=O)N[C@H](CO)c3ccccc3)c4ccccc4,,,,7.6999998,yes,CSAR
OC[C@@H](NC(=O)c1[nH]cc(c1)-c1nc(ncc1C)C)c1ccccc1,erk000502,6.59,,yes,,,series_1,yes,erk2_ligand_18,erk2_crystal_20,erk000502, Cc1cnc(C)nc1c2c[nH]c(c2)C(=O)N[C@H](CO)c3ccccc3,,,,6.5900002,yes,Discard -fails metrics
OC[C@@H](NC(=O)c1[nH]cc(c1)-c1nc(ncc1C)NC#N)c1ccccc1,erk000503,7.6,,no,,,series_1,,erk_ligand_1185,,erk000503, Cc1c[nH+]c(NC#N)nc1c2c[nH]c(c2)C(=O)N[C@H](CO)c3ccccc3,,,,7.6,,
O(Nc1nc(-c2cc([nH]c2)C(=O)N[C@H](CO)c2ccccc2)c(cn1)C)CCO,erk000504,7.74,,no,,,series_1,,erk_ligand_1202,,erk000504, Cc1cnc(NOCCO)nc1c2c[nH]c(c2)C(=O)N[C@H](CO)c3ccccc3,,,,7.74,,
OC[C@@H](NC(=O)c1[nH]cc(c1)-c1nc(ncc1C)NN(C)C)c1ccccc1,erk000505,8.15,,no,,,series_1,,erk_ligand_1050,,erk000505, CN(C)Nc1nc(c(C)c[nH+]1)c2c[nH]c(c2)C(=O)N[C@H](CO)c3ccccc3,,,,8.15,,
FC(F)(F)c1ccccc1Nc1nc(-c2cc([nH]c2)C(=O)N[C@H](CO)c2ccccc2)c(cn1)C,erk000506,8.4,,no,,,series_1,,erk_ligand_1074,,erk000506, Cc1cnc(Nc2ccccc2C(F)(F)F)nc1c3c[nH]c(c3)C(=O)N[C@H](CO)c4ccccc4,Ki = 4 nM,Ki = 4 nM,,8.4,,
Clc1cc(ccc1)[C@H](NC(=O)c1[nH]cc(c1)-c1nc(ncc1C)N[C@@H](CC)CO)CO,erk000507,8.7,20,yes,GO,good,series_1,yes,erk2_ligand_15,erk2_crystal_21,erk000507, CC[C@@H](CO)Nc1ncc(C)c(n1)c2c[nH]c(c2)C(=O)N[C@H](CO)c3cccc(Cl)c3,,,,8.6999998,yes,CSAR
[nH]1nc(cc1Nc1nc(nc2c1cccc2)Nc1cc2[nH]cnc2cc1)C1CC1,erk000508,7.11,,yes,stop (2.6A),,series_3,yes,erk2_ligand_21,erk2_crystal_26,erk000508, C1CC1c2cc(Nc3nc(Nc4ccc5nc[nH]c5c4)nc6ccccc36)[nH][nH+]2,,,,7.1100001,yes,Discard -fails metrics
OCC(Nc1nc(-c2cc([nH]c2)C(=O)N[C@H](CO)c2ccccc2)c(cn1)C)CO,erk000509,8.3,14,no,,,series_1,yes,erk_ligand_1150,,erk000509, Cc1c[nH+]c(NC(CO)CO)nc1c2c[nH]c(c2)C(=O)N[C@H](CO)c3ccccc3,,,,8.3,,
OC[C@@H](NC(=O)c1[nH]cc(c1)-c1nc(ncc1C)N[C@@H]1C[C@@H]1C)c1ccccc1,erk000510,9.3,,no,,,series_1,,erk_ligand_1131,,erk000510, C[C@H]1C[C@H]1Nc2ncc(C)c(n2)c3c[nH]c(c3)C(=O)N[C@H](CO)c4ccccc4,,,,9.3,,
OCC(Nc1nc(-c2cc([nH]c2)C(=O)N[C@H](CO)c2ccccc2)c(cn1)C)(CO)C,erk000512,8.22,,no,,,series_1,,erk_ligand_1003,,erk000512, Cc1cnc(NC(C)(CO)CO)nc1c2c[nH]c(c2)C(=O)N[C@H](CO)c3ccccc3,,,,8.22,,
OCC1(Nc2nc(-c3cc([nH]c3)C(=O)N[C@H](CO)c3ccccc3)c(cn2)C)CCCC1,erk000513,7.29,,no,,,series_1,,erk_ligand_1233,,erk000513, Cc1cnc(NC2(CO)CCCC2)nc1c3c[nH]c(c3)C(=O)N[C@H](CO)c4ccccc4,,,,7.29,,
OC[C@@H](NC(=O)c1[nH]cc(c1)-c1nc(ncc1C)N[C@@H](CC(C)C)CO)c1ccccc1,erk000514,8.05,,no,,,series_1,,erk_ligand_1009,,erk000514, CC(C)C[C@@H](CO)Nc1ncc(C)c(n1)c2c[nH]c(c2)C(=O)N[C@H](CO)c3ccccc3,,,,8.05,,
OC[C@@H]1C[C@@H]1Nc1nc(-c2cc([nH]c2)C(=O)N[C@H](CO)c2ccccc2)c(cn1)C,erk000515,7.68,,no,,,series_1,,erk_ligand_1061,,erk000515, Cc1cnc(N[C@H]2C[C@H]2CO)nc1c3c[nH]c(c3)C(=O)N[C@H](CO)c4ccccc4,,,,7.68,,
OC[C@@H](NC(=O)c1[nH]cc(c1)-c1nc(ncc1C)NC1CCCC1)c1ccccc1,erk000516,8.7,,no,,,series_1,,erk_ligand_1173,,erk000516, Cc1cnc(NC2CCCC2)nc1c3c[nH]c(c3)C(=O)N[C@H](CO)c4ccccc4,,,,8.7,,
OC[C@@H](NC(=O)c1[nH]cc(c1)-c1nc(ncc1C)Nc1ncccc1)c1ccccc1,erk000517,9.4,,no,,,series_1,yes,erk_ligand_1207,,erk000517, Cc1cnc(Nc2ccccn2)nc1c3c[nH]c(c3)C(=O)N[C@H](CO)c4ccccc4,,,,9.4,,
OC[C@@H](NC(=O)c1[nH]cc(c1)-c1nc(ncc1C)Nc1nccc(c1)C)c1ccccc1,erk000518,8.4,,no,,,series_1,,erk_ligand_1020,,erk000518, Cc1ccnc(Nc2ncc(C)c(n2)c3c[nH]c(c3)C(=O)N[C@H](CO)c4ccccc4)c1,,,,8.4,,
O1CCN(CC1)CCNc1nc(-c2cc([nH]c2)C(=O)N[C@H](CO)c2ccccc2)c(cn1)C,erk000519,6.92,,no,,,series_1,,erk_ligand_1116,,erk000519, Cc1cnc(NCCN2CCOCC2)nc1c3c[nH]c(c3)C(=O)N[C@H](CO)c4ccccc4,,,,6.92,,
OC[C@@H](NC(=O)c1[nH]cc(c1)-c1nc(ncc1C)NCC[C@H]1[N@@H+](CCC1)C)c1ccccc1,erk000520,6.27,,no,,,series_1,,erk_ligand_1033,,erk000520, C[NH+]1CCC[C@H]1CCNc2ncc(C)c(n2)c3c[nH]c(c3)C(=O)N[C@H](CO)c4ccccc4,,,,6.27,,
OC[C@@H](NC(=O)c1[nH]cc(c1)-c1nc(ncc1C)Nc1ncccc1C)c1ccccc1,erk000521,7.04,,no,,,series_1,,erk_ligand_1219,,erk000521, Cc1cccnc1Nc2ncc(C)c(n2)c3c[nH]c(c3)C(=O)N[C@H](CO)c4ccccc4,,,,7.04,,
OC[C@@H](NC(=O)c1[nH]cc(c1)-c1nc(ncc1C)NC(C)C)c1cc(ccc1)C,erk000522,9,18,no,,,series_1,yes,erk_ligand_1145,,erk000522, CC(C)Nc1ncc(C)c(n1)c2c[nH]c(c2)C(=O)N[C@H](CO)c3cccc(C)c3,,,,9,,
OC[C@@H](NC(=O)c1[nH]cc(c1)-c1nc(ncc1C)NCC(C)C)c1cc(ccc1)C,erk000523,8.7,,no,,,series_1,,erk_ligand_1064,,erk000523, CC(C)CNc1ncc(C)c(n1)c2c[nH]c(c2)C(=O)N[C@H](CO)c3cccc(C)c3,,,,8.7,,
OC[C@@H](NC(=O)c1[nH]cc(c1)-c1nc(ncc1C)Nc1ccccc1CC)c1ccccc1,erk000524,8.52,,no,,,series_1,,erk_ligand_1165,,erk000524, CCc1ccccc1Nc2ncc(C)c(n2)c3c[nH]c(c3)C(=O)N[C@H](CO)c4ccccc4,Ki = 3 nM,Ki = 3 nM,,8.52,,
Clc1cc(ccc1)[C@H](NC(=O)c1[nH]cc(c1)-c1nc(ncc1C)NCC(C)C)CO,erk000525,8.52,,no,,,series_1,,erk_ligand_1080,,erk000525, CC(C)CNc1ncc(C)c(n1)c2c[nH]c(c2)C(=O)N[C@H](CO)c3cccc(Cl)c3,,,,8.52,,
Clc1cc(ccc1)[C@H](NC(=O)c1[nH]cc(c1)-c1nc(ncc1C)Nc1cccc(C)c1C)CO,erk000526,9,,no,,,series_1,,erk_ligand_1210,,erk000526, Cc1cccc(Nc2ncc(C)c(n2)c3c[nH]c(c3)C(=O)N[C@H](CO)c4cccc(Cl)c4)c1C,Ki < 2 nM,Ki < 2 nM,,9,,
Oc1cccc(Nc2nc(-c3cc([nH]c3)C(=O)N[C@H](CO)c3ccccc3)c(cn2)C)c1C,erk000527,8.52,,no,,,series_1,,erk_ligand_1161,,erk000527, Cc1cnc(Nc2cccc(O)c2C)nc1c3c[nH]c(c3)C(=O)N[C@H](CO)c4ccccc4,,,,8.52,,
OC[C@@H](NC(=O)c1[nH]cc(c1)-c1nc(ncc1C)NC[C@H]1[N@@H+](CCC1)CC)c1ccccc1,erk000529,6.96,,no,,,series_1,,erk_ligand_1179,,erk000529, CC[NH+]1CCC[C@H]1CNc2nc(c(C)c[nH+]2)c3c[nH]c(c3)C(=O)N[C@H](CO)c4ccccc4,,,,6.96,,
OC[C@@H](NC(=O)c1[nH]cc(c1)-c1nc(ncc1C)NC[C@H]1[N@@H+](CCC1)CC)c1ccccc1,erk000530,7.22,,no,,,,,erk_ligand_1105,,,,,,,,,
O(C)c1cccc(Nc2nc(-c3cc([nH]c3)C(=O)N[C@H](CO)c3ccccc3)c(cn2)C)c1C,erk000531,7.1,,no,,,series_1,,erk_ligand_1045,,erk000531, COc1cccc(Nc2ncc(C)c(n2)c3c[nH]c(c3)C(=O)N[C@H](CO)c4ccccc4)c1C,,,,7.1,,
OC[C@@H](NC(=O)c1[nH]cc(c1)-c1nc(ncc1C)Nc1ccccc1N(C)C)c1cc(ccc1)C,erk000532,7.3,,no,,,series_1,,erk_ligand_1046,,erk000532, CN(C)c1ccccc1Nc2ncc(C)c(n2)c3c[nH]c(c3)C(=O)N[C@H](CO)c4cccc(C)c4,,,,7.3,,
OC[C@@H](NC(=O)c1[nH]cc(c1)-c1nc(ncc1C)Nc1ccccc1C#N)c1ccccc1,erk000533,5.7,,no,,,series_1,,erk_ligand_1214,,erk000533, Cc1cnc(Nc2ccccc2C#N)nc1c3c[nH]c(c3)C(=O)N[C@H](CO)c4ccccc4,,,,5.7,,
OC[C@@H](NC(=O)c1[nH]cc(c1)-c1nc(ncc1C)NC1CCCCC1)c1ccccc1,erk000534,8.7,,no,,,series_1,,erk_ligand_1136,,erk000534, Cc1cnc(NC2CCCCC2)nc1c3c[nH]c(c3)C(=O)N[C@H](CO)c4ccccc4,,,,8.7,,
O(C)c1cccc(Nc2nc(-c3cc([nH]c3)C(=O)N[C@H](CO)c3cc(ccc3)C)c(cn2)C)c1C,erk000535,6.7,,no,,,series_1,,erk_ligand_1037,,erk000535, COc1cccc(Nc2ncc(C)c(n2)c3c[nH]c(c3)C(=O)N[C@H](CO)c4cccc(C)c4)c1C,,,,6.7,,
Fc1cc(ccc1)[C@H](NC(=O)c1[nH]cc(c1)-c1nc(ncc1C)NC(C)C)CO,erk000536,7.82,,no,,,series_1,,erk_ligand_1019,,erk000536, CC(C)Nc1ncc(C)c(n1)c2c[nH]c(c2)C(=O)N[C@H](CO)c3cccc(F)c3,,,,7.82,,
Fc1cc(ccc1)[C@H](NC(=O)c1[nH]cc(c1)-c1nc(ncc1C)Nc1ccccc1)CO,erk000537,9,,no,,,series_1,,erk_ligand_1065,,erk000537, Cc1cnc(Nc2ccccc2)nc1c3c[nH]c(c3)C(=O)N[C@H](CO)c4cccc(F)c4,Ki < 2 nM,Ki < 2 nM,,9,,
Fc1cccc(Nc2nc(-c3cc([nH]c3)C(=O)N[C@H](CO)c3ccccc3)c(cn2)C)c1C,erk000538,8.7,,no,,,series_1,,erk_ligand_1220,,erk000538, Cc1cnc(Nc2cccc(F)c2C)nc1c3c[nH]c(c3)C(=O)N[C@H](CO)c4ccccc4,,,,8.7,,
Fc1cc(ccc1)[C@H](NC(=O)c1[nH]cc(c1)-c1nc(ncc1C)Nc1cccc(C)c1C)CO,erk000539,8.4,,no,,,series_1,,erk_ligand_1253,,erk000539, Cc1cccc(Nc2ncc(C)c(n2)c3c[nH]c(c3)C(=O)N[C@H](CO)c4cccc(F)c4)c1C,,,,8.4,,
OC[C@@H](NC(=O)c1[nH]cc(c1)-c1nc(ncc1C)NC1CCC1)c1ccccc1,erk000540,8.22,,no,,,series_1,,erk_ligand_1256,,erk000540, Cc1cnc(NC2CCC2)nc1c3c[nH]c(c3)C(=O)N[C@H](CO)c4ccccc4,,,,8.22,,
OCc1cccc(Nc2nc(-c3cc([nH]c3)C(=O)N[C@H](CO)c3ccccc3)c(cn2)C)c1C,erk000541,9,,no,,,series_1,,erk_ligand_1160,,erk000541, Cc1cnc(Nc2cccc(CO)c2C)nc1c3c[nH]c(c3)C(=O)N[C@H](CO)c4ccccc4,,,,9,,
Fc1cc(ccc1)[C@H](NC(=O)c1[nH]cc(c1)-c1nc(ncc1C)NC1CC1)CO,erk000542,7.96,,no,,,series_1,,erk_ligand_1063,,erk000542, Cc1cnc(NC2CC2)nc1c3c[nH]c(c3)C(=O)N[C@H](CO)c4cccc(F)c4,,,,7.96,,
OCCN(C(=O)c1[nH]cc(c1)-c1nc(ncc1)N)Cc1ccccc1,erk000543,5.7,,no,,,series_1,,erk_ligand_1144,,erk000543, Nc1nccc(n1)c2c[nH]c(c2)C(=O)N(CCO)Cc3ccccc3,,,,5.7,,
S(CC)c1nc(-c2cc([nH]c2)C(=O)N[C@H](CO)c2ccccc2)c(cn1)C,erk000544,7.19,,yes,,,series_1,yes,erk2_ligand_12,erk2_crystal_2,erk000544, CCSc1ncc(C)c(n1)c2c[nH]c(c2)C(=O)N[C@H](CO)c3ccccc3,,,,7.1900001,yes,Discard -fails metrics
OC[C@@H](NC(=O)c1[nH]cc(c1)-c1nc(ncc1C)N[C@H](CCC)C)c1ccccc1,erk000546,7.74,,no,,,series_1,,erk_ligand_1245,,erk000546, CCC[C@H](C)Nc1ncc(C)c(n1)c2c[nH]c(c2)C(=O)N[C@H](CO)c3ccccc3,,,,7.74,,
OC[C@@H](NC(=O)c1[nH]cc(c1)-c1nc(ncc1C)NC(CC)CC)c1ccccc1,erk000547,8.22,,no,,,series_1,,erk_ligand_1146,,erk000547, CCC(CC)Nc1ncc(C)c(n1)c2c[nH]c(c2)C(=O)N[C@H](CO)c3ccccc3,,,,8.22,,
O(C[C@@H](Nc1nc(-c2cc([nH]c2)C(=O)N[C@H](CO)c2ccccc2)c(cn1)C)C)C,erk000548,7.62,,no,,,series_1,,erk_ligand_1134,,erk000548, COC[C@H](C)Nc1ncc(C)c(n1)c2c[nH]c(c2)C(=O)N[C@H](CO)c3ccccc3,,,,7.62,,
O(C[C@@H](Nc1nc(-c2cc([nH]c2)C(=O)N[C@H](CO)c2ccccc2)c(cn1)C)CC)C,erk000549,7.57,,no,,,series_1,,erk_ligand_1042,,erk000549, CC[C@@H](COC)Nc1ncc(C)c(n1)c2c[nH]c(c2)C(=O)N[C@H](CO)c3ccccc3,,,,7.57,,
OC[C@@H](NC(=O)c1[nH]cc(c1)-c1nc(ncc1C)N[C@@H](CCC)CO)c1ccccc1,erk000551,7.7,,no,,,series_1,,erk_ligand_1234,,erk000551, CCC[C@@H](CO)Nc1ncc(C)c(n1)c2c[nH]c(c2)C(=O)N[C@H](CO)c3ccccc3,,,,7.7,,
S(CC[C@H](Nc1nc(-c2cc([nH]c2)C(=O)N[C@H](CO)c2ccccc2)c(cn1)C)CO)C,erk000552,8.3,,no,,,series_1,,erk_ligand_1081,,erk000552, CSCC[C@@H](CO)Nc1ncc(C)c(n1)c2c[nH]c(c2)C(=O)N[C@H](CO)c3ccccc3,,,,8.3,,
OC[C@@H](NC(=O)c1[nH]cc(c1)-c1nc(ncc1C)NC1CCC(CC1)C)c1ccccc1,erk000553,8.22,,no,,,series_1,,erk_ligand_1152,,erk000553, CC1CCC(CC1)Nc2ncc(C)c(n2)c3c[nH]c(c3)C(=O)N[C@H](CO)c4ccccc4,,,,8.22,,
OC[C@@H](NC(=O)c1[nH]cc(c1)-c1nc(ncc1C)Nc1c2CCCc2ccc1)c1ccccc1,erk000556,8.52,,no,,,series_1,,erk_ligand_1246,,erk000556, Cc1cnc(Nc2cccc3CCCc23)nc1c4c[nH]c(c4)C(=O)N[C@H](CO)c5ccccc5,,,,8.52,,
Clc1cc(ccc1)[C@H](NC(=O)c1[nH]cc(c1)-c1nc(ncc1C)N[C@@H](CC)COC)CO,erk000557,8.4,,no,,,series_1,,erk_ligand_1025,,erk000557, CC[C@@H](COC)Nc1ncc(C)c(n1)c2c[nH]c(c2)C(=O)N[C@H](CO)c3cccc(Cl)c3,,,,8.4,,
Clc1cc(ccc1)[C@H](NC(=O)c1[nH]cc(c1)-c1nc(ncc1C)NN1CCOCC1)CO,erk000558,8.7,,no,,,series_1,,erk_ligand_1089,,erk000558, Cc1cnc(NN2CCOCC2)nc1c3c[nH]c(c3)C(=O)N[C@H](CO)c4cccc(Cl)c4,,,,8.7,,
Clc1cc(Nc2nc(-c3cc([nH]c3)C(=O)N[C@H](CO)c3ccccc3)c(cn2)C)cc(Cl)c1,erk000559,8.52,,no,,,series_1,,erk_ligand_1186,,erk000559, Cc1cnc(Nc2cc(Cl)cc(Cl)c2)nc1c3c[nH]c(c3)C(=O)N[C@H](CO)c4ccccc4,,,,8.52,,
OC[C@@H](NC(=O)c1[nH]cc(c1)-c1nc(ncc1C)NCCNC(=O)C)c1ccccc1,erk000560,7.24,10,no,,,series_1,yes,erk_ligand_1091,,erk000560, CC(=O)NCCNc1ncc(C)c(n1)c2c[nH]c(c2)C(=O)N[C@H](CO)c3ccccc3,,,,7.24,,
Fc1cccc(F)c1Nc1nc(-c2cc([nH]c2)C(=O)N[C@H](CO)c2ccccc2)c(cn1)C,erk000561,8.4,,no,,,series_1,,erk_ligand_1178,,erk000561, Cc1cnc(Nc2c(F)cccc2F)nc1c3c[nH]c(c3)C(=O)N[C@H](CO)c4ccccc4,,,,8.4,,
Brc1cccc(Nc2nc(-c3cc([nH]c3)C(=O)N[C@H](CO)c3ccccc3)c(cn2)C)c1C,erk000562,7.57,,no,,,series_1,,erk_ligand_1194,,erk000562, Cc1cnc(Nc2cccc(Br)c2C)nc1c3c[nH]c(c3)C(=O)N[C@H](CO)c4ccccc4,,,,7.57,,
Brc1cc(Nc2nc(-c3cc([nH]c3)C(=O)N[C@H](CO)c3ccccc3)c(cn2)C)ccc1C,erk000563,8.52,,no,,,series_1,,erk_ligand_1171,,erk000563, Cc1ccc(Nc2ncc(C)c(n2)c3c[nH]c(c3)C(=O)N[C@H](CO)c4ccccc4)cc1Br,,,,8.52,,
Clc1cccc(Cl)c1Nc1nc(-c2cc([nH]c2)C(=O)N[C@H](CO)c2ccccc2)c(cn1)C,erk000564,6.82,9,no,,,series_1,yes,erk_ligand_1155,,erk000564, Cc1cnc(Nc2c(Cl)cccc2Cl)nc1c3c[nH]c(c3)C(=O)N[C@H](CO)c4ccccc4,,,,6.82,,
OC[C@@H](NC(=O)c1[nH]cc(c1)-c1nc(ncc1C)Nc1cc([N+](=O)[O-])ccc1)c1ccccc1,erk000565,8.52,,no,,,series_1,,erk_ligand_1107,,erk000565, Cc1cnc(Nc2cccc(c2)[N+](=O)[O-])nc1c3c[nH]c(c3)C(=O)N[C@H](CO)c4ccccc4,,,,8.52,,
OC[C@@H](NC(=O)c1[nH]cc(c1)-c1nc(ncc1C)Nc1cc(cc(c1)C)C)c1ccccc1,erk000566,8.52,,no,,,series_1,,erk_ligand_1153,,erk000566, Cc1cc(C)cc(Nc2ncc(C)c(n2)c3c[nH]c(c3)C(=O)N[C@H](CO)c4ccccc4)c1,,,,8.52,,
OC[C@@H](NC(=O)c1[nH]cc(c1)-c1nc(ncc1C)NCC[NH+]1CCCC1)c1ccccc1,erk000568,6.65,,no,,,series_1,,erk_ligand_1226,,erk000568, Cc1cnc(NCC[NH+]2CCCC2)nc1c3c[nH]c(c3)C(=O)N[C@H](CO)c4ccccc4,,,,6.65,,
OC[C@@H](NC(=O)c1[nH]cc(c1)-c1nc(ncc1C)Nn1cccc1)c1ccccc1,erk000573,8.05,,no,,,series_1,,erk_ligand_1212,,erk000573, Cc1cnc(Nn2cccc2)nc1c3c[nH]c(c3)C(=O)N[C@H](CO)c4ccccc4,,,,8.05,,
Clc1cccc(C)c1Nc1nc(-c2cc([nH]c2)C(=O)N[C@H](CO)c2ccccc2)c(cn1)C,erk000575,6.96,,no,,,series_1,,erk_ligand_1059,,erk000575, Cc1cccc(Cl)c1Nc2ncc(C)c(n2)c3c[nH]c(c3)C(=O)N[C@H](CO)c4ccccc4,,,,6.96,,
OC[C@@H](NC(=O)c1[nH]cc(c1)-c1nc(ncc1C)NCCc1ccccc1)c1ccccc1,erk000578,8.15,,no,,,series_1,,erk_ligand_1016,,erk000578, Cc1cnc(NCCc2ccccc2)nc1c3c[nH]c(c3)C(=O)N[C@H](CO)c4ccccc4,,,,8.15,,
OC[C@@H](NC(=O)c1[nH]cc(c1)-c1nc(ncc1C)NCc1ccncc1)c1ccccc1,erk000579,6.11,6,no,,,series_1,yes,erk_ligand_1099,,erk000579, Cc1cnc(NCc2ccncc2)nc1c3c[nH]c(c3)C(=O)N[C@H](CO)c4ccccc4,,,,6.11,,
OC[C@@H](NC(=O)c1[nH]cc(c1)-c1nc(ncc1C)NCc1ncccc1)c1ccccc1,erk000580,5.95,,no,,,series_1,,erk_ligand_1096,,erk000580, Cc1cnc(NCc2ccccn2)nc1c3c[nH]c(c3)C(=O)N[C@H](CO)c4ccccc4,,,,5.95,,
Clc1cc(ccc1)[C@H](NC(=O)c1[nH]cc(c1)-c1nc(ncc1C)NOCC)CO,erk000582,8.22,,no,,,series_1,,erk_ligand_1129,,erk000582, CCONc1ncc(C)c(n1)c2c[nH]c(c2)C(=O)N[C@H](CO)c3cccc(Cl)c3,,,,8.22,,
Clc1cc(ccc1)[C@H](NC(=O)c1[nH]cc(c1)-c1nc(ncc1C)NC1CCOCC1)CO,erk000584,8.1,,no,,,series_1,,erk_ligand_1192,,erk000584, Cc1cnc(NC2CCOCC2)nc1c3c[nH]c(c3)C(=O)N[C@H](CO)c4cccc(Cl)c4,,,,8.1,,
Clc1cc(ccc1)[C@H](NC(=O)c1[nH]cc(c1)-c1nc(ncc1C)Nc1ccc(cc1)C)CO,erk000585,8.15,13,no,,,series_1,yes,erk_ligand_1130,,erk000585, Cc1ccc(Nc2ncc(C)c(n2)c3c[nH]c(c3)C(=O)N[C@H](CO)c4cccc(Cl)c4)cc1,,,,8.15,,
OC[C@@H](NC(=O)c1[nH]cc(c1)-c1nc(ncc1C)Nc1ccc(cc1)C)c1cc(ccc1)C,erk000586,8.7,,no,,,series_1,,erk_ligand_1026,,erk000586, Cc1ccc(Nc2ncc(C)c(n2)c3c[nH]c(c3)C(=O)N[C@H](CO)c4cccc(C)c4)cc1,,,,8.7,,
OC[C@@H](NC(=O)c1[nH]cc(c1)-c1nc(ncc1C)NN1CCCCC1)c1ccccc1,erk000587,9,,no,,,series_1,,erk_ligand_1205,,erk000587, Cc1cnc(NN2CCCCC2)nc1c3c[nH]c(c3)C(=O)N[C@H](CO)c4ccccc4,,,,9,,
s1cc(nc1Nc1nc(-c2cc([nH]c2)C(=O)N[C@H](CO)c2ccccc2)c(cn1)C)-c1ccc(cc1)C,erk000588,8,,no,,,series_1,,erk_ligand_1241,,erk000588, Cc1ccc(cc1)c2csc(Nc3ncc(C)c(n3)c4c[nH]c(c4)C(=O)N[C@H](CO)c5ccccc5)n2,,,,8,,
FC1(F)Oc2c(O1)cccc2Nc1nc(-c2cc([nH]c2)C(=O)N[C@H](CO)c2ccccc2)c(cn1)C,erk000591,8.1,,no,,,series_1,,erk_ligand_1225,,erk000591, Cc1cnc(Nc2cccc3OC(F)(F)Oc23)nc1c4c[nH]c(c4)C(=O)N[C@H](CO)c5ccccc5,,,,8.1,,
Clc1cc(ccc1)[C@H](NC(=O)c1[nH]cc(c1)-c1nc(ncc1C)NC1Cc2c(C1)cccc2)CO,erk000592,7.8,,no,,,series_1,,erk_ligand_1239,,erk000592, Cc1cnc(NC2Cc3ccccc3C2)nc1c4c[nH]c(c4)C(=O)N[C@H](CO)c5cccc(Cl)c5,,,,7.8,,
Clc1cc(ccc1)[C@H](NC(=O)c1[nH]cc(c1)-c1nc(ncc1C)Nc1c(F)cccc1F)CO,erk000593,7.85,,no,,,series_1,,erk_ligand_1006,,erk000593, Cc1cnc(Nc2c(F)cccc2F)nc1c3c[nH]c(c3)C(=O)N[C@H](CO)c4cccc(Cl)c4,,,,7.85,,
Clc1cc(ccc1)-c1c(sc(NCC[NH+]2CCCCC2)c1C#N)-c1nc(ncc1)Nc1cc(O)ccc1,erk000594,7.57,32,yes,,,series_2,yes,erk2_ligand_27,erk2_crystal_13,erk000594, Oc1cccc(Nc2nccc(n2)c3sc(NCC[NH+]4CCCCC4)c(C#N)c3c5cccc(Cl)c5)c1,,,,7.5700002,yes,CSAR
Clc1cc(ccc1)[C@H](NC(=O)c1[nH]cc(c1)-c1nc(ncc1C)Nc1c2CCCCc2ccc1)CO,erk000595,7.89,,no,,,series_1,,erk_ligand_1135,,erk000595, Cc1cnc(Nc2cccc3CCCCc23)nc1c4c[nH]c(c4)C(=O)N[C@H](CO)c5cccc(Cl)c5,Ki = 13 nM,Ki = 13 nM,,7.89,,
Clc1cc(ccc1)[C@H](NC(=O)c1[nH]cc(c1)-c1nc(ncc1C)NOCC(C)C)CO,erk000597,7.85,,no,,,series_1,,erk_ligand_1071,,erk000597, CC(C)CONc1ncc(C)c(n1)c2c[nH]c(c2)C(=O)N[C@H](CO)c3cccc(Cl)c3,,,,7.85,,
Clc1cc(ccc1)[C@H](NC(=O)c1[nH]cc(c1)-c1nc(ncc1C)Nc1cccc(F)c1C)CO,erk000598,7.47,,no,,,series_1,,erk_ligand_1087,,erk000598, Cc1cnc(Nc2cccc(F)c2C)nc1c3c[nH]c(c3)C(=O)N[C@H](CO)c4cccc(Cl)c4,Ki = 34 nM,Ki = 34 nM,,7.47,,
O(Nc1nc(-c2cc([nH]c2)C(=O)N[C@H](CO)c2cc(ccc2)C)c(cn1)C)CC,erk000599,8.52,,no,,,series_1,,erk_ligand_1102,,erk000599, CCONc1ncc(C)c(n1)c2c[nH]c(c2)C(=O)N[C@H](CO)c3cccc(C)c3,,,,8.52,,
O(Nc1nc(-c2cc([nH]c2)C(=O)N[C@H](CO)c2cc(ccc2)C)c(cn1)C)CC(C)C,erk000600,8,,no,,,series_1,,erk_ligand_1252,,erk000600, CC(C)CONc1ncc(C)c(n1)c2c[nH]c(c2)C(=O)N[C@H](CO)c3cccc(C)c3,,,,8,,
Fc1cccc(Nc2nc(-c3cc([nH]c3)C(=O)N[C@H](CO)c3cc(ccc3)C)c(cn2)C)c1C,erk000601,8.1,,no,,,series_1,,erk_ligand_1143,,erk000601, Cc1cccc(c1)[C@@H](CO)NC(=O)c2cc(c[nH]2)c3nc(Nc4cccc(F)c4C)ncc3C,,,,8.1,,
O1CCC(Nc2nc(-c3cc([nH]c3)C(=O)N[C@H](CO)c3cc(ccc3)C)c(cn2)C)CC1,erk000602,8.52,,no,,,series_1,,erk_ligand_1118,,erk000602, Cc1cccc(c1)[C@@H](CO)NC(=O)c2cc(c[nH]2)c3nc(NC4CCOCC4)ncc3C,,,,8.52,,
OC[C@@H](NC(=O)c1[nH]cc(c1)-c1nc(ncc1C)Nc1ncccc1)c1cc(ccc1)C,erk000603,8.05,,no,,,series_1,,erk_ligand_1190,,erk000603, Cc1cccc(c1)[C@@H](CO)NC(=O)c2cc(c[nH]2)c3nc(Nc4ccccn4)ncc3C,,,,8.05,,
OC[C@@H](NC(=O)c1[nH]cc(c1)-c1nc(ncc1C)N[C@@H](CC)C)c1cc(ccc1)C,erk000604,7.12,,no,,,series_1,,erk_ligand_1195,,erk000604, CC[C@@H](C)Nc1ncc(C)c(n1)c2c[nH]c(c2)C(=O)N[C@H](CO)c3cccc(C)c3,,,,7.12,,
Clc1cc(ccc1)[C@H](NC(=O)c1[nH]cc(c1)-c1nc(ncc1C)N[C@H](C(C)C)C)CO,erk000605,8.22,,no,,,series_1,,erk_ligand_1073,,erk000605, CC(C)[C@H](C)Nc1ncc(C)c(n1)c2c[nH]c(c2)C(=O)N[C@H](CO)c3cccc(Cl)c3,,,,8.22,,
Clc1cc(ccc1)[C@H](NC(=O)c1[nH]cc(c1)-c1nc(ncc1C)N[C@@H]1CCC[C@H](C)[C@@H]1C)CO,erk000606,7.89,,no,,,series_1,,erk_ligand_1184,,erk000606, C[C@H]1CCC[C@@H](Nc2ncc(C)c(n2)c3c[nH]c(c3)C(=O)N[C@H](CO)c4cccc(Cl)c4)[C@H]1C,,,,7.89,,
Clc1cc(ccc1)[C@H](NC(=O)c1[nH]cc(c1)-c1nc(ncc1C)N[C@@H](C(C)C)C)CO,erk000607,9,,no,,,series_1,,erk_ligand_1156,,erk000607, CC(C)[C@@H](C)Nc1ncc(C)c(n1)c2c[nH]c(c2)C(=O)N[C@H](CO)c3cccc(Cl)c3,,,,9,,
Clc1cc(ccc1)[C@H](NC(=O)c1[nH]cc(c1)-c1nc(ncc1C)N[C@H]1CCC[C@H]1OCc1ccccc1)CO,erk000608,7.77,,no,,,series_1,,erk_ligand_1231,,erk000608, Cc1cnc(N[C@H]2CCC[C@H]2OCc3ccccc3)nc1c4c[nH]c(c4)C(=O)N[C@H](CO)c5cccc(Cl)c5,,,,7.77,,
Clc1cc(ccc1)[C@H](NC(=O)c1[nH]cc(c1)-c1nc(ncc1C)N[C@H]1CCC[C@@H]1OCc1ccccc1)CO,erk000609,7.34,,no,,,series_1,,erk_ligand_1183,,erk000609, Cc1cnc(N[C@H]2CCC[C@@H]2OCc3ccccc3)nc1c4c[nH]c(c4)C(=O)N[C@H](CO)c5cccc(Cl)c5,,,,7.34,,
O1C[C@H](Nc2nc(-c3cc([nH]c3)C(=O)N[C@H](CO)c3cc(ccc3)C)c(cn2)C)CC1,erk000610,8,,no,,,series_1,,erk_ligand_1039,,erk000610, Cc1cccc(c1)[C@@H](CO)NC(=O)c2cc(c[nH]2)c3nc(N[C@@H]4CCOC4)ncc3C,,,,8,,
Clc1cc(ccc1)[C@H](NC(=O)c1[nH]cc(c1)-c1nc(ncc1C)Nc1ncccc1)CO,erk000611,7.15,,no,,,series_1,,erk_ligand_1048,,erk000611, Cc1cnc(Nc2ccccn2)nc1c3c[nH]c(c3)C(=O)N[C@H](CO)c4cccc(Cl)c4,,,,7.15,,
Clc1cc(ccc1)[C@H](NC(=O)c1[nH]cc(c1)-c1nc(ncc1C)N[C@H]1CCC[C@H]1O)CO,erk000612,8.15,,no,,,series_1,,erk_ligand_1138,,erk000612, Cc1cnc(N[C@H]2CCC[C@H]2O)nc1c3c[nH]c(c3)C(=O)N[C@H](CO)c4cccc(Cl)c4,,,,8.15,,
Clc1cc(ccc1)[C@H](NC(=O)c1[nH]cc(c1)-c1nc(ncc1C)N[C@H]1CCC[C@@H]1O)CO,erk000613,7.46,,no,,,series_1,,erk_ligand_1117,,erk000613, Cc1cnc(N[C@H]2CCC[C@@H]2O)nc1c3c[nH]c(c3)C(=O)N[C@H](CO)c4cccc(Cl)c4,,,,7.46,,
O(Nc1nc(-c2cc([nH]c2)C(=O)N[C@H](CO)c2cc(ccc2)C)c(cn1)C)CCC,erk000614,8.3,,no,,,series_1,,erk_ligand_1227,,erk000614, CCCONc1ncc(C)c(n1)c2c[nH]c(c2)C(=O)N[C@H](CO)c3cccc(C)c3,,,,8.3,,
Clc1cc(ccc1)[C@H](NC(=O)c1[nH]cc(c1)-c1nc(ncc1C)NOCCC)CO,erk000615,8.4,,no,,,series_1,,erk_ligand_1213,,erk000615, CCCONc1ncc(C)c(n1)c2c[nH]c(c2)C(=O)N[C@H](CO)c3cccc(Cl)c3,,,,8.4,,
O(C)c1c(Nc2nc(-c3cc([nH]c3)C(=O)N[C@H](CO)c3ccccc3)c(cn2)C)cccc1OC,erk000616,8.7,,no,,,series_1,,erk_ligand_1180,,erk000616, COc1cccc(Nc2ncc(C)c(n2)c3c[nH]c(c3)C(=O)N[C@H](CO)c4ccccc4)c1OC,,,,8.7,,
Clc1cc(ccc1)[C@H](NC(=O)c1[nH]cc(c1)-c1nc(ncc1C)Nc1cccc(OC)c1OC)CO,erk000617,8.52,,no,,,series_1,,erk_ligand_1169,,erk000617, COc1cccc(Nc2ncc(C)c(n2)c3c[nH]c(c3)C(=O)N[C@H](CO)c4cccc(Cl)c4)c1OC,Ki = 3 nM,Ki = 3 nM,,8.52,,
Clc1cc(ccc1)[C@H](NC(=O)c1[nH]cc(c1)-c1nc(ncc1C)Nc1nc(ccc1)C)CO,erk000619,8.7,,no,,,series_1,,erk_ligand_1005,,erk000619, Cc1cccc(Nc2ncc(C)c(n2)c3c[nH]c(c3)C(=O)N[C@H](CO)c4cccc(Cl)c4)n1,,,,8.7,,
Clc1cc(ccc1)[C@H](NC(=O)c1[nH]cc(c1)-c1nc(ncc1C)N[C@@H](CC)COC(=O)C)COC(=O)C,erk000620,6.64,,no,,,series_1,,erk_ligand_1142,,erk000620, CC[C@@H](COC(=O)C)Nc1ncc(C)c(n1)c2c[nH]c(c2)C(=O)N[C@H](COC(=O)C)c3cccc(Cl)c3,,,,6.64,,
Clc1cc(ccc1)[C@H](NC(=O)c1[nH]cc(c1)-c1nc(ncc1C)NN1CCCCC1)CO,erk000621,8.3,,no,,,series_1,,erk_ligand_1264,,erk000621, Cc1cnc(NN2CCCCC2)nc1c3c[nH]c(c3)C(=O)N[C@H](CO)c4cccc(Cl)c4,,,,8.3,,
Clc1cc(ccc1)[C@H](NC(=O)c1[nH]cc(c1)-c1nc(ncc1C)NN1CCC[C@H]1COC)CO,erk000622,8.05,,no,,,series_1,,erk_ligand_1084,,erk000622, COC[C@@H]1CCCN1Nc2ncc(C)c(n2)c3c[nH]c(c3)C(=O)N[C@H](CO)c4cccc(Cl)c4,,,,8.05,,
Clc1cc(ccc1)[C@H](NC(=O)c1[nH]cc(c1)-c1nc(ncc1C)NC1CC[NH2+]CC1)CO,erk000623,7.82,,no,,,series_1,,erk_ligand_1148,,erk000623, Cc1cnc(NC2CC[NH2+]CC2)nc1c3c[nH]c(c3)C(=O)N[C@H](CO)c4cccc(Cl)c4,,,,7.82,,
Clc1cc(ccc1)[C@H](NC(=O)c1[nH]cc(c1)-c1nc(ncc1C)NN1CCCC1)CO,erk000624,8.15,,no,,,series_1,,erk_ligand_1092,,erk000624, Cc1cnc(NN2CCCC2)nc1c3c[nH]c(c3)C(=O)N[C@H](CO)c4cccc(Cl)c4,,,,8.15,,
FC(F)(F)CONc1nc(-c2cc([nH]c2)C(=O)N[C@H](CO)c2cc(ccc2)C)c(cn1)C,erk000625,8.4,,no,,,series_1,,erk_ligand_1028,,erk000625, Cc1cccc(c1)[C@@H](CO)NC(=O)c2cc(c[nH]2)c3nc(NOCC(F)(F)F)ncc3C,,,,8.4,,
Fc1cc(ccc1)CNC(=O)c1[nH]cc(c1)-c1nc(ncc1C)N,erk000626,5.9,,no,,,series_1,,erk_ligand_1108,,erk000626, Cc1cnc(N)nc1c2c[nH]c(c2)C(=O)NCc3cccc(F)c3,,,,5.9,,
Clc1cccc(Cl)c1CNC(=O)c1[nH]cc(c1)-c1nc(ncc1C)N,erk000627,6.49,,no,,,series_1,,erk_ligand_1018,,erk000627, Cc1cnc(N)nc1c2c[nH]c(c2)C(=O)NCc3c(Cl)cccc3Cl,,,,6.49,,
Clc1cc(ccc1)[C@H](NC(=O)c1[nH]cc(c1)-c1nc(ncc1C)Nc1c2OCCOc2ccc1)CO,erk000628,7.82,,no,,,series_1,,erk_ligand_1001,,erk000628, Cc1cnc(Nc2cccc3OCCOc23)nc1c4c[nH]c(c4)C(=O)N[C@H](CO)c5cccc(Cl)c5,Ki = 15 nM,Ki = 15 nM,,7.82,,
Fc1cc(cc(F)c1)CNC(=O)c1[nH]cc(c1)-c1nc(ncc1C)N,erk000629,6.01,,no,,,series_1,,erk_ligand_1111,,erk000629, Cc1cnc(N)nc1c2c[nH]c(c2)C(=O)NCc3cc(F)cc(F)c3,,,,6.01,,
O(C)c1cc(ccc1)CNC(=O)c1[nH]cc(c1)-c1nc(ncc1C)N,erk000630,6.09,,no,,,series_1,,erk_ligand_1022,,erk000630, COc1cccc(CNC(=O)c2cc(c[nH]2)c3nc(N)ncc3C)c1,,,,6.09,,
Clc1cc(ccc1)[C@H](NC(=O)c1[nH]cc(c1)-c1nc(ncc1C)N[C@H]1CCOC1)CO,erk000631,6.68,,no,,,series_1,,erk_ligand_1109,,erk000631, Cc1cnc(N[C@H]2CCOC2)nc1c3c[nH]c(c3)C(=O)N[C@H](CO)c4cccc(Cl)c4,,,,6.68,,
O=C1NNc2cc(Nc3ncc(Nc4ccccc4)c(Nc5cc(C6CC6)[nH]n5)n3)ccc21,erk000633,7.82,37,yes,GO (2.0A),good,series_3,yes,erk2_ligand_30,erk2_crystal_33,erk000633, O=C1[N-]Nc2cc(Nc3ncc(Nc4ccccc4)c(Nc5cc([nH+][nH]5)C6CC6)n3)ccc12,,,,7.8200002,yes,CSAR
OC[C@@H](NC(=O)c1[nH]cc(c1)-c1nc(ncc1C)NCC)c1cc(ccc1)C,erk000634,8.4,15,no,,,series_1,yes,erk_ligand_1044,,erk000634, CCNc1ncc(C)c(n1)c2c[nH]c(c2)C(=O)N[C@H](CO)c3cccc(C)c3,,,,8.4,,
Clc1cc(ccc1)[C@H](NC(=O)c1[nH]cc(c1)-c1nc(ncc1C)NCC)CO,erk000635,8.4,,no,,,series_1,,erk_ligand_1203,,erk000635, CCNc1ncc(C)c(n1)c2c[nH]c(c2)C(=O)N[C@H](CO)c3cccc(Cl)c3,,,,8.4,,
Oc1ccccc1Nc1nc(-c2cc([nH]c2)C(=O)N[C@H](CO)c2ccccc2)c(cn1)C,erk000636,8.4,,no,,,series_1,,erk_ligand_1224,,erk000636, Cc1cnc(Nc2ccccc2O)nc1c3c[nH]c(c3)C(=O)N[C@H](CO)c4ccccc4,Ki = 4 nM,Ki = 4 nM,,8.4,,
O(C(=O)[C@@H]([NH3+])C(C)C)C[C@@H](NC(=O)c1[nH]cc(c1)-c1nc(ncc1C)Nc1ccccc1)c1ccccc1,erk000637,6.42,,no,,,series_1,,erk_ligand_1172,,erk000637, CC(C)[C@H]([NH3+])C(=O)OC[C@@H](NC(=O)c1cc(c[nH]1)c2nc(Nc3ccccc3)ncc2C)c4ccccc4,,,,6.42,,
O1CCC(CC1)CNc1nc(-c2cc([nH]c2)C(=O)N[C@H](CO)c2ccccc2)c(cn1)C,erk000638,7.77,,no,,,series_1,,erk_ligand_1228,,erk000638, Cc1c[nH+]c(NCC2CCOCC2)nc1c3c[nH]c(c3)C(=O)N[C@H](CO)c4ccccc4,,,,7.77,,
Clc1cc(ccc1)[C@H](NC(=O)c1[nH]cc(c1)-c1nc(ncc1C)NCC1CCOCC1)CO,erk000639,7.77,,no,,,series_1,,erk_ligand_1198,,erk000639, Cc1cnc(NCC2CCOCC2)nc1c3c[nH]c(c3)C(=O)N[C@H](CO)c4cccc(Cl)c4,,,,7.77,,
Clc1cc(ccc1)[C@H](NC(=O)c1[nH]cc(c1)-c1nc(ncc1C)N[C@H]1CCCOC1)CO,erk000640,7.55,,no,,,series_1,,erk_ligand_1208,,erk000640, Cc1cnc(N[C@H]2CCCOC2)nc1c3c[nH]c(c3)C(=O)N[C@H](CO)c4cccc(Cl)c4,,,,7.55,,
Clc1cc(ccc1)[C@H](NC(=O)c1[nH]cc(c1)-c1nc(ncc1C)NN1CC[NH+](CC1)C)CO,erk000641,7.7,,no,,,series_1,,erk_ligand_1088,,erk000641, CN1CCN(CC1)Nc2ncc(C)c(n2)c3c[nH]c(c3)C(=O)N[C@H](CO)c4cccc(Cl)c4,,,,7.7,,
OC[C@@H](NC(=O)c1[nH]cc(c1)-c1nc(ncc1C)NC1CCCCC1)c1cc(ccc1)C,erk000642,7.92,,no,,,series_1,,erk_ligand_1057,,erk000642, Cc1cccc(c1)[C@@H](CO)NC(=O)c2cc(c[nH]2)c3nc(NC4CCCCC4)ncc3C,,,,7.92,,
Clc1cc(ccc1)[C@H](NC(=O)c1[nH]cc(c1)-c1nc(ncc1C)NC1CCCCC1)CO,erk000643,8.4,,no,,,series_1,,erk_ligand_1029,,erk000643, Cc1cnc(NC2CCCCC2)nc1c3c[nH]c(c3)C(=O)N[C@H](CO)c4cccc(Cl)c4,,,,8.4,,
Clc1cc(ccc1)[C@H](NC(=O)c1[nH]cc(c1)-c1nc(ncc1C)NC1CCCC1)CO,erk000644,8.7,,no,,,series_1,,erk_ligand_1168,,erk000644, Cc1cnc(NC2CCCC2)nc1c3c[nH]c(c3)C(=O)N[C@H](CO)c4cccc(Cl)c4,,,,8.7,,
O(C(=O)C[NH3+])C[C@@H](NC(=O)c1[nH]cc(c1)-c1nc(ncc1C)Nc1ccccc1)c1ccccc1,erk000645,7.26,,no,,,series_1,,erk_ligand_1235,,erk000645, Cc1cnc(Nc2ccccc2)nc1c3c[nH]c(c3)C(=O)N[C@H](COC(=O)CN)c4ccccc4,,,,7.26,,
O(C(=O)C)C[C@@H](NC(=O)c1[nH]cc(c1)-c1nc(ncc1C)Nc1ccccc1)c1ccccc1,erk000646,7.42,,no,,,series_1,,erk_ligand_1058,,erk000646, CC(=O)OC[C@@H](NC(=O)c1cc(c[nH]1)c2nc(Nc3ccccc3)ncc2C)c4ccccc4,,,,7.42,,
FC(F)(F)CNc1nc(-c2cc([nH]c2)C(=O)N[C@H](CO)c2cc(ccc2)C)c(cn1)C,erk000647,8.4,,no,,,series_1,,erk_ligand_1133,,erk000647, Cc1cccc(c1)[C@@H](CO)NC(=O)c2cc(c[nH]2)c3nc(NCC(F)(F)F)ncc3C,,,,8.4,,
Clc1cc(ccc1)[C@H](NC(=O)c1[nH]cc(c1)-c1nc(ncc1C)NN(C)C)CO,erk000648,7.59,,no,,,series_1,,erk_ligand_1055,,erk000648, CN(C)Nc1nc(c(C)c[nH+]1)c2c[nH]c(c2)C(=O)N[C@H](CO)c3cccc(Cl)c3,,,,7.59,,
O(Nc1nc(-c2cc([nH]c2)C(=O)N[C@H](CO)c2ccccc2)c(cn1)C)Cc1ccccc1,erk000649,6.72,,no,,,series_1,,erk_ligand_1162,,erk000649, Cc1cnc(NOCc2ccccc2)nc1c3c[nH]c(c3)C(=O)N[C@H](CO)c4ccccc4,,,,6.72,,
Clc1cc(C)c(Nc2nc(-c3cc([nH]c3)C(=O)N[C@H](CO)c3cc(Cl)ccc3)c(cn2)C)cc1,erk000650,8.3,,no,,,series_1,,erk_ligand_1007,,erk000650, Cc1cc(Cl)ccc1Nc2ncc(C)c(n2)c3c[nH]c(c3)C(=O)N[C@H](CO)c4cccc(Cl)c4,Ki = 5 nM,Ki = 5 nM,,8.3,,
Clc1cc(F)c(Nc2nc(-c3cc([nH]c3)C(=O)N[C@H](CO)c3cc(Cl)ccc3)c(cn2)C)cc1,erk000651,8.3,,no,,,series_1,,erk_ligand_1204,,erk000651, Cc1cnc(Nc2ccc(Cl)cc2F)nc1c3c[nH]c(c3)C(=O)N[C@H](CO)c4cccc(Cl)c4,Ki = 5 nM,Ki = 5 nM,,8.3,,
Clc1cc(ccc1)[C@H](NC(=O)c1[nH]cc(c1)-c1nc(ncc1C)Nc1scc(n1)C)CO,erk000652,8.4,16,no,,,series_1,yes,erk_ligand_1137,,erk000652, Cc1csc(Nc2ncc(C)c(n2)c3c[nH]c(c3)C(=O)N[C@H](CO)c4cccc(Cl)c4)n1,,,,8.4,,
OC[C@@H](NC(=O)c1[nH]cc(c1)-c1nc(ncc1C)Nc1ccc(cc1C)C)c1ccccc1,erk000653,8.52,,no,,,series_1,,erk_ligand_1106,,erk000653, Cc1ccc(Nc2ncc(C)c(n2)c3c[nH]c(c3)C(=O)N[C@H](CO)c4ccccc4)c(C)c1,,,,8.52,,
OC[C@@H](NC(=O)c1[nH]cc(c1)-c1nc(ncc1C)Nc1ccc(N(CC)CC)cc1C)c1ccccc1,erk000654,7.28,,no,,,series_1,,erk_ligand_1244,,erk000654, CCN(CC)c1ccc(Nc2ncc(C)c(n2)c3c[nH]c(c3)C(=O)N[C@H](CO)c4ccccc4)c(C)c1,,,,7.28,,
OC[C@@H](NC(=O)c1[nH]cc(c1)-c1nc(ncc1C)NO)c1ccccc1,erk000656,5.63,,no,,,series_1,,erk_ligand_1215,,erk000656, Cc1cnc(NO)nc1c2c[nH]c(c2)C(=O)N[C@H](CO)c3ccccc3,,,,5.63,,
Clc1cc(Cl)ccc1Nc1nc(-c2cc([nH]c2)C(=O)N[C@H](CO)c2ccccc2)c(cn1)C,erk000657,8.1,,no,,,series_1,,erk_ligand_1166,,erk000657, Cc1cnc(Nc2ccc(Cl)cc2Cl)nc1c3c[nH]c(c3)C(=O)N[C@H](CO)c4ccccc4,,,,8.1,,
Fc1cc(F)ccc1Nc1nc(-c2cc([nH]c2)C(=O)N[C@H](CO)c2ccccc2)c(cn1)C,erk000658,8.7,,no,,,series_1,,erk_ligand_1259,,erk000658, Cc1cnc(Nc2ccc(F)cc2F)nc1c3c[nH]c(c3)C(=O)N[C@H](CO)c4ccccc4,,,,8.7,,
S(=O)(=O)(N)c1cc(Nc2nc(ccn2)-c2cc(C(=O)[O-])c(O)cc2)ccc1,erk000659,6.64,,yes,stop (2.6A),,series_3,yes,erk2_ligand_29,erk2_crystal_31,erk000659, NS(=O)(=O)c1cccc(Nc2nccc(n2)c3ccc(O)c(c3)C(=O)[O-])c1,,,,6.6399999,yes,Discard -fails metrics
O1C[C@@H](Nc2nc(-c3cc([nH]c3)C(=O)N[C@H](CO)c3cc(ccc3)C)c(cn2)C)CC1,erk000660,8.4,,no,,,series_1,,erk_ligand_1209,,erk000660, Cc1cccc(c1)[C@@H](CO)NC(=O)c2cc(c[nH]2)c3nc(N[C@H]4CCOC4)ncc3C,,,,8.4,,
Clc1cc(ccc1)[C@H](NC(=O)c1[nH]cc(c1)-c1nc(ncc1C)NNS(=O)(=O)C)CO,erk000661,8.52,17,no,,,series_1,yes,erk_ligand_1189,,erk000661, Cc1cnc(NNS(=O)(=O)C)nc1c2c[nH]c(c2)C(=O)N[C@H](CO)c3cccc(Cl)c3,,,,8.52,,
O=C1NNc2c1ccc(Nc1nc(Nc3n[nH]c(c3)C3CC3)c([N+](=O)[O-])cc1)c2,erk000662,8,34,yes,,,series_2,yes,erk2_ligand_34,erk2_crystal_15,erk000662, [O-][N+](=O)c1ccc(Nc2ccc3C(=O)[N-]Nc3c2)nc1Nc4cc([nH]n4)C5CC5,,,,8,yes,Discard -fails metrics
O=C(NCc1ccccc1C)c1[nH]cc(c1)-c1nc(ncc1)N,erk000663,5.89,4,no,,,series_1,yes,erk_ligand_1002,,erk000663, Cc1ccccc1CNC(=O)c2cc(c[nH]2)c3ccnc(N)n3,,,,5.89,,
Clc1cc(ccc1)CNC(=O)c1[nH]cc(c1)-c1nc(ncc1)N,erk000664,6.28,7,no,,,series_1,yes,erk_ligand_1126,,erk000664, Nc1nccc(n1)c2c[nH]c(c2)C(=O)NCc3cccc(Cl)c3,,,,6.28,,
Clc1cc(ccc1)[C@H](NC(=O)c1[nH]cc(c1)-c1nc(ncc1C)Nc1cc2scnc2cc1)CO,erk000665,7.15,,no,,,series_1,,erk_ligand_1085,,erk000665, Cc1cnc(Nc2ccc3ncsc3c2)nc1c4c[nH]c(c4)C(=O)N[C@H](CO)c5cccc(Cl)c5,,,,7.15,,
Clc1cc(ccc1)[C@H](NC(=O)c1[nH]cc(c1)-c1nc(ncc1C)N[C@@H](CC)COC(=O)C)CO,erk000666,8.22,,no,,,series_1,,erk_ligand_1230,,erk000666, CC[C@@H](COC(=O)C)Nc1ncc(C)c(n1)c2c[nH]c(c2)C(=O)N[C@H](CO)c3cccc(Cl)c3,,,,8.22,,
Clc1cc(ccc1)[C@H](NC(=O)c1[nH]cc(c1)-c1nc(ncc1C)Nc1ccc(N)cc1C)CO,erk000668,8.52,,no,,,series_1,,erk_ligand_1097,,erk000668, Cc1cc(N)ccc1Nc2ncc(C)c(n2)c3c[nH]c(c3)C(=O)N[C@H](CO)c4cccc(Cl)c4,,,,8.52,,
Clc1cc(ccc1)[C@H](NC(=O)c1[nH]cc(c1)-c1nc(ncc1C)N[C@@H](CC)COC(OCC)=O)CO,erk000669,7.57,,no,,,series_1,,erk_ligand_1079,,erk000669, CCOC(=O)OC[C@H](CC)Nc1ncc(C)c(n1)c2c[nH]c(c2)C(=O)N[C@H](CO)c3cccc(Cl)c3,,,,7.57,,
Clc1cc(ccc1)[C@H](NC(=O)c1[nH]cc(c1)-c1nc(ncn1)Nc1ccccc1)CO,erk000671,8.7,,yes,,,series_1,yes,erk2_ligand_1,erk2_crystal_4,erk000671, OC[C@@H](NC(=O)c1cc(c[nH]1)c2ncnc(Nc3ccccc3)n2)c4cccc(Cl)c4,,,,8.6999998,yes,Discard -fails metrics
Clc1cc(ccc1)[C@H](NC(=O)c1[nH]cc(c1)-c1ncnc(NC(C)C)c1)CO,erk000672,7.52,,no,,,series_1,,erk_ligand_1170,,erk000672, CC(C)Nc1cc(ncn1)c2c[nH]c(c2)C(=O)N[C@H](CO)c3cccc(Cl)c3,,,,7.52,,
Clc1cc(ccc1)[C@H](NC(=O)c1[nH]cc(c1)-c1ncnc(N[C@@H](CC)CO)c1)CO,erk000673,7.74,,no,,,series_1,,erk_ligand_1030,,erk000673, CC[C@@H](CO)Nc1cc(ncn1)c2c[nH]c(c2)C(=O)N[C@H](CO)c3cccc(Cl)c3,,,,7.74,,
Clc1cc(ccc1)[C@H](NC(=O)c1[nH]cc(c1)-c1nc(ncc1C)N[C@H](CC(F)(F)F)CO)CO,erk000675,8.1,,no,,,series_1,,erk_ligand_1115,,erk000675, Cc1cnc(N[C@@H](CO)CC(F)(F)F)nc1c2c[nH]c(c2)C(=O)N[C@H](CO)c3cccc(Cl)c3,,,,8.1,,
Clc1cc(ccc1)[C@H](NC(=O)c1[nH]cc(c1)-c1nc(ncc1C)N[C@@H](CC)COP(OCC)(OCC)=O)COP(OCC)(OCC)=O,erk000676,5.97,,no,,,series_1,,erk_ligand_1069,,erk000676, CCOP(=O)(OCC)OC[C@H](CC)Nc1ncc(C)c(n1)c2c[nH]c(c2)C(=O)N[C@H](COP(=O)(OCC)OCC)c3cccc(Cl)c3,,,,5.97,,
Clc1cc(ccc1)[C@H](NC(=O)c1[nH]cc(c1)-c1nc(ncc1C)N[C@H](COC(=O)C(C)C)C)COC(=O)C(C)C,erk000677,5.88,,no,,,series_1,,erk_ligand_1083,,erk000677, C[C@@H](COC(=O)C(C)C)Nc1ncc(C)c(n1)c2c[nH]c(c2)C(=O)N[C@H](COC(=O)C(C)C)c3cccc(Cl)c3,,,,5.88,,
Clc1cc(ccc1)[C@H](NC(=O)c1n(cc(c1)-c1nc(ncc1C)N[C@@H](CC)CO)CC)CO,erk000678,8.4,,no,,,series_1,,erk_ligand_1242,,erk000678, CC[C@@H](CO)Nc1ncc(C)c(n1)c2cc(C(=O)N[C@H](CO)c3cccc(Cl)c3)n(CC)c2,,,,8.4,,
Clc1cc(ccc1)[C@H](NC(=O)c1n(cc(c1)-c1nc(ncc1C)N[C@H](CO)C)CC)CO,erk000679,8.3,,no,,,series_1,,erk_ligand_1036,,erk000679, CCn1cc(cc1C(=O)N[C@H](CO)c2cccc(Cl)c2)c3nc(N[C@@H](C)CO)ncc3C,,,,8.3,,
Clc1cc(ccc1)[C@H](NC(=O)c1n(cc(c1)-c1nc(ncc1C)NCC(F)(F)F)CC)CO,erk000680,7.47,,no,,,series_1,,erk_ligand_1052,,erk000680, CCn1cc(cc1C(=O)N[C@H](CO)c2cccc(Cl)c2)c3nc(NCC(F)(F)F)ncc3C,,,,7.47,,
Clc1cc(ccc1)[C@H](NC(=O)c1[nH]cc(c1)-c1nc(ncc1C)N[C@H](COC(=O)C)C)COC(=O)C,erk000682,6.48,,no,,,series_1,,erk_ligand_1040,,erk000682, C[C@@H](COC(=O)C)Nc1ncc(C)c(n1)c2c[nH]c(c2)C(=O)N[C@H](COC(=O)C)c3cccc(Cl)c3,,,,6.48,,
Clc1cc(ccc1)[C@H](NC(=O)c1[nH]cc(c1)-c1nc(ncc1C)N[C@@H](CC)COC(OC(C)C)=O)CO,erk000684,6.8,,no,,,series_1,,erk_ligand_1086,,erk000684, CC[C@@H](COC(=O)OC(C)C)Nc1ncc(C)c(n1)c2c[nH]c(c2)C(=O)N[C@H](CO)c3cccc(Cl)c3,,,,6.8,,
Clc1cc(ccc1)[C@H](NC(=O)c1[nH]cc(c1)-c1nc(ncc1C)N[C@@H](CC)COC(=O)[C@@H]([NH3+])C(C)C)COC(=O)[C@@H]([NH3+])C(C)C,erk000685,6.12,,no,,,series_1,,erk_ligand_1127,,erk000685, CC[C@@H](COC(=O)[C@@H]([NH3+])C(C)C)Nc1ncc(C)c(n1)c2c[nH]c(c2)C(=O)N[C@H](COC(=O)[C@@H]([NH3+])C(C)C)c3cccc(Cl)c3,,,,6.12,,
Clc1cc(ccc1)[C@H](NC(=O)c1[nH]cc(c1)-c1nc(ncc1C)N[C@@H](CC)COC(=O)C(C)C)CO,erk000689,7.82,,no,,,series_1,,erk_ligand_1047,,erk000689, CC[C@@H](COC(=O)C(C)C)Nc1ncc(C)c(n1)c2c[nH]c(c2)C(=O)N[C@H](CO)c3cccc(Cl)c3,,,,7.82,,
Clc1cc(ccc1)[C@H](NC(=O)c1[nH]cc(c1)-c1nc(ncc1C)N[C@@H](CC)COP(OCC)(OCC)=O)CO,erk000690,5.96,,no,,,series_1,,erk_ligand_1124,,erk000690, CCOP(=O)(OCC)OC[C@H](CC)Nc1ncc(C)c(n1)c2c[nH]c(c2)C(=O)N[C@H](CO)c3cccc(Cl)c3,,,,5.96,,
Clc1cc(ccc1)[C@H](NC(=O)c1[nH]cc(c1)-c1nc(ncc1C)N)CO,erk000691,7.82,,no,,,series_1,,erk_ligand_1120,,erk000691, Cc1cnc(N)nc1c2c[nH]c(c2)C(=O)N[C@H](CO)c3cccc(Cl)c3,,,,7.82,,
Clc1cc(ccc1)[C@H](NC(=O)c1n(cc(c1)-c1nc(ncc1C)NCC(F)(F)F)C)CO,erk000692,8.22,,no,,,series_1,,erk_ligand_1090,,erk000692, Cc1cnc(NCC(F)(F)F)nc1c2cc(C(=O)N[C@H](CO)c3cccc(Cl)c3)n(C)c2,,,,8.22,,
Clc1cc(ccc1)[C@H](NC(=O)c1[nH]cc(c1)-c1nc(ncc1C)N[C@@H](CC)CO)COC(OC(C)C)=O,erk000693,7.43,,no,,,series_1,,erk_ligand_1095,,erk000693, CC[C@@H](CO)Nc1ncc(C)c(n1)c2c[nH]c(c2)C(=O)N[C@H](COC(=O)OC(C)C)c3cccc(Cl)c3,,,,7.43,,
Clc1cc(ccc1)[C@H](NC(=O)c1n(cc(c1)-c1nc(ncc1C)N[C@@H](CC)CO)COC)CO,erk000694,8.3,,no,,,series_1,,erk_ligand_1075,,erk000694, CC[C@@H](CO)Nc1ncc(C)c(n1)c2cc(C(=O)N[C@H](CO)c3cccc(Cl)c3)n(COC)c2,,,,8.3,,
Clc1cnc(nc1-c1cc([nH]c1)C(=O)N[C@H](COC(=O)C(C)C)c1ccccc1)N[C@@H](CC)COC(=O)C(C)C,erk000696,6.82,,no,,,series_1,,erk_ligand_1024,,erk000696, CC[C@@H](COC(=O)C(C)C)Nc1ncc(Cl)c(n1)c2c[nH]c(c2)C(=O)N[C@H](COC(=O)C(C)C)c3ccccc3,,,,6.82,,
Clc1cc(ccc1)[C@H](NC(=O)c1[nH]cc(c1)-c1nc(ncc1F)N[C@@H](CC)CO)CO,erk000697,8.52,,no,,,series_1,,erk_ligand_1012,,erk000697, CC[C@@H](CO)Nc1ncc(F)c(n1)c2c[nH]c(c2)C(=O)N[C@H](CO)c3cccc(Cl)c3,,,,8.52,,
Clc1cc(ccc1)[C@H](NC(=O)c1[nH]cc(c1)-c1nc(ncc1C)N[C@@H](CC)COC(=O)COCCOC)CO,erk000698,7.77,,no,,,series_1,,erk_ligand_1249,,erk000698, CC[C@@H](COC(=O)COCCOC)Nc1ncc(C)c(n1)c2c[nH]c(c2)C(=O)N[C@H](CO)c3cccc(Cl)c3,,,,7.77,,
Clc1cc(ccc1)[C@H](NC(=O)c1[nH]cc(c1)-c1nc(ncc1C)N[C@@H](CC)COC(=O)COCCOCCOC)CO,erk000699,7.89,,no,,,series_1,,erk_ligand_1031,,erk000699, CC[C@@H](COC(=O)COCCOCCOC)Nc1ncc(C)c(n1)c2c[nH]c(c2)C(=O)N[C@H](CO)c3cccc(Cl)c3,,,,7.89,,
Clc1cc(F)ccc1Nc1nc(ccn1)-c1c(C)c([nH]c1C)C(=O)N[C@H](CO)c1cc(Cl)ccc1,erk000700,8.05,,no,,,series_1,,erk_ligand_1151,,erk000700, Cc1[nH]c(C(=O)N[C@H](CO)c2cccc(Cl)c2)c(C)c1c3ccnc(Nc4ccc(F)cc4Cl)n3,,,,8.05,,
Clc1cc(ccc1)[C@H](NC(=O)c1n(cc(c1)-c1nc(ncc1C)NOCC)C)CO,erk000701,7.89,,no,,,series_1,,erk_ligand_1121,,erk000701, CCONc1ncc(C)c(n1)c2cc(C(=O)N[C@H](CO)c3cccc(Cl)c3)n(C)c2,,,,7.89,,
Clc1cc(ccc1)[C@H](NC(=O)c1[nH]cc(c1)-c1nc(ncc1C)N[C@@H](CC)COC(=O)C(C)(C)C)CO,erk000702,7.26,,no,,,series_1,,erk_ligand_1216,,erk000702, CC[C@@H](COC(=O)C(C)(C)C)Nc1ncc(C)c(n1)c2c[nH]c(c2)C(=O)N[C@H](CO)c3cccc(Cl)c3,,,,7.26,,
Clc1cnc(nc1-c1cc([nH]c1)C(=O)N[C@H](CO)c1cc(Cl)ccc1)NC1CCN(CC1)C(OCC)=O,erk000703,8.15,,no,,,series_1,,erk_ligand_1034,,erk000703, CCOC(=O)N1CCC(CC1)Nc2ncc(Cl)c(n2)c3c[nH]c(c3)C(=O)N[C@H](CO)c4cccc(Cl)c4,,,,8.15,,
O1C[C@@H](Nc2nc(-c3cc(n(c3)C)C(=O)N[C@H](CO)c3ccccc3)c(cn2)C)CC1,erk000704,8.52,,no,,,series_1,,erk_ligand_1197,,erk000704, Cc1cnc(N[C@H]2CCOC2)nc1c3cc(C(=O)N[C@H](CO)c4ccccc4)n(C)c3,,,,8.52,,
Clc1cnc(nc1-c1cc([nH]c1)C(=O)N[C@H](CO)c1cc(ccc1)C)NOCC,erk000705,8.4,,no,,,series_1,,erk_ligand_1072,,erk000705, CCONc1ncc(Cl)c(n1)c2c[nH]c(c2)C(=O)N[C@H](CO)c3cccc(C)c3,,,,8.4,,
OC[C@@H](NC(=O)c1n(cc(c1)-c1nc(ncc1C)N[C@H](CO)C)C)c1ccccc1,erk000706,8.22,,no,,,series_1,,erk_ligand_1159,,erk000706, C[C@@H](CO)Nc1ncc(C)c(n1)c2cc(C(=O)N[C@H](CO)c3ccccc3)n(C)c2,,,,8.22,,
Clc1cnc(nc1-c1cc([nH]c1)C(=O)N([C@H](CO)c1ccccc1)C)NC(C)C,erk000708,8.22,,no,,,series_1,,erk_ligand_1123,,erk000708, CC(C)Nc1ncc(Cl)c(n1)c2c[nH]c(c2)C(=O)N(C)[C@H](CO)c3ccccc3,,,,8.22,,
Clc1cc(ccc1)[C@H](N(C(=O)c1[nH]cc(c1)-c1nc(ncc1C)N[C@@H](CC)CO)C)CO,erk000709,8.7,,no,,,series_1,,erk_ligand_1223,,erk000709, CC[C@@H](CO)Nc1ncc(C)c(n1)c2c[nH]c(c2)C(=O)N(C)[C@H](CO)c3cccc(Cl)c3,,,,8.7,,
Clc1cnc(nc1-c1cc(n(c1)C)C(=O)N[C@H](CO)c1ccccc1)N[C@@H](CC)CO,erk000710,8.4,,no,,,series_1,,erk_ligand_1158,,erk000710, CC[C@@H](CO)Nc1ncc(Cl)c(n1)c2cc(C(=O)N[C@H](CO)c3ccccc3)n(C)c2,,,,8.4,,
Clc1cnc(nc1N1CCN(CC1)C(=O)N[C@H](CO)c1cc(Cl)ccc1)N[C@@H](CC)CO,erk000711,7.42,,yes,,,series_1,yes,erk2_ligand_7,erk2_crystal_34,erk000711, CC[C@@H](CO)Nc1ncc(Cl)c(n1)N2CCN(CC2)C(=O)N[C@H](CO)c3cccc(Cl)c3,,,,7.4200001,yes,Discard -fails metrics
Fc1c(cccc1F)-c1cnoc1-c1c2cc(cnc2[nH]c1)-c1ccncc1,erk000712,6.72,23,yes,GO (2.11A),good,series_2,yes,erk2_ligand_3,erk2_crystal_7,erk000712, Fc1cccc(c1F)c2cnoc2c3c[nH]c4[nH+]cc(cc34)c5ccncc5,,,,6.7199998,yes,CSAR
Clc1cc(ccc1)[C@H](NC(=O)c1[nH]cc(c1)-c1nc(ncc1C)N[C@@H](CC)COC(=O)CCC(=O)[O-])COC(=O)CCC(=O)[O-],erk000713,6.93,,no,,,series_1,,erk_ligand_1008,,erk000713, CC[C@@H](COC(=O)CCC(=O)[O-])Nc1ncc(C)c(n1)c2c[nH]c(c2)C(=O)N[C@H](COC(=O)CCC(=O)[O-])c3cccc(Cl)c3,,,,6.93,,
Clc1cc(ccc1)[C@H](NC(=O)c1[nH]cc(c1)-c1nc(ncc1C)N[C@@H](CC)COC(=O)[C@@H]([NH3+])C(C)(C)C)COC(=O)[C@@H]([NH3+])C(C)(C)C,erk000714,7.52,,no,,,series_1,,erk_ligand_1103,,erk000714, CC[C@@H](COC(=O)[C@@H]([NH3+])C(C)(C)C)Nc1ncc(C)c(n1)c2c[nH]c(c2)C(=O)N[C@H](COC(=O)[C@@H]([NH3+])C(C)(C)C)c3cccc(Cl)c3,,,,7.52,,
Clc1cc(ccc1)[C@H](NC(=O)c1[nH]cc(c1)-c1nc(ncc1C)N[C@@H](CC)COC(=O)[C@@H]([NH2+]C)C(C)C)COC(=O)[C@@H]([NH2+]C)C(C)C,erk000715,5.72,,no,,,series_1,,erk_ligand_1201,,erk000715, CC[C@@H](COC(=O)[C@@H]([NH2+]C)C(C)C)Nc1ncc(C)c(n1)c2c[nH]c(c2)C(=O)N[C@H](COC(=O)[C@@H]([NH2+]C)C(C)C)c3cccc(Cl)c3,,,,5.72,,
Clc1cc(ccc1)[C@H](NC(=O)c1[nH]cc(c1)-c1nc(ncc1C)N[C@@H](CC)COC(=O)COCCOC)COC(=O)COCCOC,erk000716,6.37,,no,,,series_1,,erk_ligand_1113,,erk000716, CC[C@@H](COC(=O)COCCOC)Nc1ncc(C)c(n1)c2c[nH]c(c2)C(=O)N[C@H](COC(=O)COCCOC)c3cccc(Cl)c3,,,,6.37,,
Clc1cc(ccc1)[C@H](NC(=O)c1[nH]cc(c1)-c1nc(ncc1C)N[C@@H](CC)COC(=O)[C@@H]([NH3+])C)COC(=O)[C@@H]([NH3+])C,erk000717,7.42,,no,,,series_1,,erk_ligand_1128,,erk000717, CC[C@@H](COC(=O)[C@H](C)[NH3+])Nc1ncc(C)c(n1)c2c[nH]c(c2)C(=O)N[C@H](COC(=O)[C@H](C)[NH3+])c3cccc(Cl)c3,,,,7.42,,
Clc1cc(ccc1)[C@H](NC(=O)c1[nH]cc(c1)-c1nc(ncc1C)N[C@@H](CC)COC(=O)CCC(=O)N1CCOCC1)COC(=O)CCC(=O)N1CCOCC1,erk000718,6.59,,no,,,series_1,,erk_ligand_1122,,erk000718, CC[C@@H](COC(=O)CCC(=O)N1CCOCC1)Nc2ncc(C)c(n2)c3c[nH]c(c3)C(=O)N[C@H](COC(=O)CCC(=O)N4CCOCC4)c5cccc(Cl)c5,,,,6.59,,
Clc1cc(ccc1)[C@H](NC(=O)c1[nH]cc(c1)-c1nc(ncc1C)N[C@@H](CC)COC(=O)[C@@H]([NH2+]C)CC(C)C)COC(=O)[C@@H]([NH2+]C)CC(C)C,erk000719,6.28,,no,,,series_1,,erk_ligand_1182,,erk000719, CC[C@@H](COC(=O)[C@H](CC(C)C)[NH2+]C)Nc1ncc(C)c(n1)c2c[nH]c(c2)C(=O)N[C@H](COC(=O)[C@H](CC(C)C)[NH2+]C)c3cccc(Cl)c3,,,,6.28,,
Clc1cc(ccc1)[C@H](NC(=O)c1[nH]cc(c1)-c1nc(ncc1C)N[C@@H](CC)COC(=O)C([NH3+])(C)C)COC(=O)C([NH3+])(C)C,erk000720,6.7,,no,,,series_1,,erk_ligand_1187,,erk000720, CC[C@@H](COC(=O)C(C)(C)[NH3+])Nc1ncc(C)c(n1)c2c[nH]c(c2)C(=O)N[C@H](COC(=O)C(C)(C)[NH3+])c3cccc(Cl)c3,,,,6.7,,
Clc1cc(ccc1)[C@H](NC(=O)c1[nH]cc(c1)-c1nc(ncc1C)N[C@@H](CC)CO)COP(=O)([O-])[O-],erk000721,8.4,,no,,,series_1,,erk_ligand_1163,,erk000721, CC[C@@H](CO)Nc1ncc(C)c(n1)c2c[nH]c(c2)C(=O)N[C@H](COP(=O)(O)[O-])c3cccc(Cl)c3,,,,8.4,,
Clc1cc(ccc1)[C@H](NC(=O)c1[nH]cc(c1)-c1nc(ncc1C)N[C@@H](CC)COP(=O)([O-])[O-])CO,erk000722,6.38,,no,,,series_1,,erk_ligand_1139,,erk000722, CC[C@@H](COP(=O)(O)[O-])Nc1ncc(C)c(n1)c2c[nH]c(c2)C(=O)N[C@H](CO)c3cccc(Cl)c3,,,,6.38,,
O1CCN(CC1)c1ccc(Nc2nc(N(C)[C@H]3CN(CC[C@H]3C)C(=O)CC#N)c3nc[nH]c3n2)cc1,erk000723,6.39,,yes,stop (no data),,series_3,yes,erk2_ligand_16,erk2_crystal_30,erk000723, C[C@@H]1CCN(C[C@@H]1N(C)c2nc(Nc3ccc(cc3)[NH+]4CCOCC4)nc5[nH]cnc25)C(=O)CC#N,,,,6.3899999,yes,Discard -fails metrics
